event_time,account_id,plan,event_type,mrr_delta_usd,region,is_trial,seats,channel,mrr_after_usd
2025-04-03T01:03:55,A1000,Basic,signup,29.0,NA,True,24,Referral,29.0
2025-04-13T02:30:17,A1000,Pro,downgrade,-50.0,NA,False,14,Referral,0.0
2025-07-13T05:51:05,A1000,Basic,cancel,-0.0,NA,False,3,Referral,0.0
2025-05-20T11:11:33,A1001,Basic,signup,29.0,NA,True,11,Referral,29.0
2025-07-06T17:20:13,A1001,Basic,upgrade,200.0,NA,False,72,Referral,229.0
2025-06-02T10:17:12,A1002,Enterprise,signup,499.0,,True,4,Paid,499.0
2025-04-09T04:34:08,A1003,Pro,signup,99.0,APAC,False,8,Paid,99.0
2025-04-21T18:45:49,A1003,Enterprise,cancel,-99.0,APAC,False,71,Paid,0.0
2025-06-05T09:38:35,A1003,Enterprise,upgrade,50.0,APAC,False,12,Paid,50.0
2025-06-27T12:21:22,A1003,Enterprise,cancel,-50.0,APAC,False,63,Paid,0.0
2025-07-24T21:05:30,A1003,Basic,renew,0.0,APAC,False,28,Paid,0.0
2025-05-27T07:24:08,A1004,Pro,signup,99.0,LATAM,False,5,Outbound,99.0
2025-05-27T17:42:41,A1004,Enterprise,downgrade,-99.0,LATAM,False,51,Outbound,0.0
2025-06-19T04:48:40,A1004,Pro,cancel,-0.0,LATAM,False,16,Outbound,0.0
2025-07-11T01:21:29,A1004,Basic,upgrade,99.0,LATAM,False,7,Outbound,99.0
2025-04-11T05:25:50,A1005,Basic,signup,29.0,LATAM,False,13,Organic,29.0
2025-06-11T05:22:03,A1006,Pro,signup,99.0,NA,False,19,Organic,99.0
2025-04-11T08:00:53,A1007,Basic,signup,29.0,LATAM,False,14,Paid,29.0
2025-05-02T06:40:06,A1007,Enterprise,downgrade,-99.0,LATAM,False,19,Paid,0.0
2025-06-10T15:50:16,A1007,Basic,cancel,-0.0,LATAM,False,68,Paid,0.0
2025-06-29T13:41:59,A1007,Pro,downgrade,-20.0,LATAM,False,48,Paid,0.0
2025-05-24T01:14:43,A1008,Basic,signup,29.0,NA,False,1,Organic,29.0
2025-06-13T00:11:02,A1008,Pro,renew,0.0,NA,False,36,Organic,29.0
2025-06-30T03:15:21,A1008,Enterprise,cancel,-29.0,NA,False,4,Organic,0.0
2025-07-02T23:11:23,A1008,Pro,cancel,-0.0,NA,False,64,Organic,0.0
2025-04-10T22:03:17,A1009,Basic,signup,29.0,APAC,False,5,Referral,29.0
2025-07-02T18:44:19,A1009,Enterprise,upgrade,200.0,APAC,False,36,Referral,229.0
2025-04-27T05:52:26,A1010,Pro,signup,99.0,EU,False,21,Referral,99.0
2025-04-28T22:46:03,A1010,Enterprise,downgrade,-20.0,EU,False,68,Referral,79.0
2025-05-26T02:45:44,A1010,Basic,upgrade,200.0,EU,False,35,Referral,279.0
2025-04-17T04:23:49,A1011,Basic,signup,29.0,,False,24,Paid,29.0
2025-04-29T05:46:53,A1011,Pro,upgrade,20.0,EU,False,44,Paid,49.0
2025-05-27T09:43:45,A1011,Basic,upgrade,99.0,EU,False,55,Paid,148.0
2025-04-09T10:55:19,A1012,Basic,signup,29.0,LATAM,False,10,Outbound,29.0
2025-04-27T12:37:14,A1012,Pro,renew,0.0,LATAM,False,44,Outbound,29.0
2025-06-18T12:11:57,A1012,Basic,cancel,-29.0,LATAM,False,13,Outbound,0.0
2025-06-24T02:12:42,A1012,Pro,renew,0.0,LATAM,False,79,Outbound,0.0
2025-07-20T09:58:09,A1013,Basic,signup,29.0,LATAM,False,19,Organic,29.0
2025-07-20T12:24:14,A1013,Pro,upgrade,50.0,LATAM,False,29,Organic,79.0
2025-07-22T08:47:56,A1013,Enterprise,cancel,-79.0,LATAM,False,36,Organic,0.0
2025-04-06T04:18:00,A1014,Basic,signup,29.0,LATAM,False,12,Referral,29.0
2025-04-10T16:57:52,A1014,Basic,upgrade,200.0,LATAM,False,94,Referral,229.0
2025-04-21T19:31:20,A1014,Pro,renew,0.0,LATAM,False,66,Referral,229.0
2025-04-25T06:49:52,A1014,Enterprise,downgrade,-99.0,LATAM,False,18,Referral,130.0
2025-06-11T11:18:57,A1014,Pro,cancel,-130.0,LATAM,False,26,Referral,0.0
2025-04-28T13:27:00,A1015,pro,signup,99.0,LATAM,True,11,Organic,99.0
2025-05-09T10:05:39,A1016,Basic,signup,29.0,EU,False,9,Outbound,29.0
2025-04-02T22:42:25,A1017,Basic,signup,29.0,EU,False,9,Organic,29.0
2025-05-17T20:25:27,A1018,Pro,signup,99.0,NA,False,4,Referral,99.0
2025-04-22T00:11:34,A1019,Basic,signup,29.0,LATAM,False,20,Paid,29.0
2025-05-18T10:41:05,A1019,Enterprise,renew,0.0,LATAM,False,83,Paid,29.0
2025-04-05T23:46:53,A1020,Enterprise,signup,499.0,APAC,False,14,Paid,499.0
2025-05-04T14:58:04,A1020,Enterprise,renew,0.0,APAC,False,70,Paid,499.0
2025-04-01T18:16:29,A1021,Basic,signup,29.0,LATAM,False,5,Organic,29.0
2025-05-08T06:01:34,A1021,Basic,upgrade,200.0,LATAM,False,44,Organic,229.0
2025-06-17T21:42:25,A1021,Basic,upgrade,50.0,LATAM,False,45,Organic,279.0
2025-07-05T21:25:39,A1021,Pro,renew,0.0,LATAM,False,40,Organic,279.0
2025-04-19T20:55:52,A1022,Basic,signup,29.0,NA,False,11,Organic,29.0
2025-05-19T23:14:52,A1022,Basic,downgrade,-10.0,NA,False,97,Organic,19.0
2025-05-20T23:16:36,A1022,Pro,downgrade,-50.0,NA,False,49,Organic,0.0
2025-07-07T08:33:28,A1022,Basic,downgrade,-50.0,NA,False,17,Organic,0.0
2025-07-28T04:41:56,A1022,Pro,cancel,-0.0,NA,False,38,Organic,0.0
2025-04-07T14:37:26,A1023,Pro,signup,99.0,NA,False,6,Paid,99.0
2025-05-06T10:50:08,A1023,Enterprise,renew,0.0,NA,False,92,Paid,99.0
2025-05-28T07:02:18,A1023,Enterprise,upgrade,20.0,NA,False,14,Paid,119.0
2025-04-23T05:52:37,A1024,Basic,signup,29.0,LATAM,False,12,Paid,29.0
2025-05-25T03:57:46,A1024,Enterprise,upgrade,200.0,LATAM,False,29,Paid,229.0
2025-05-26T14:05:39,A1024,Enterprise,upgrade,50.0,LATAM,False,89,Paid,279.0
2025-05-29T13:49:10,A1024,Enterprise,upgrade,20.0,LATAM,False,65,Paid,299.0
2025-04-19T20:44:08,A1025,Enterprise,signup,499.0,LATAM,False,22,Referral,499.0
2025-05-20T17:52:15,A1025,Pro,renew,0.0,LATAM,False,97,Referral,499.0
2025-06-15T08:55:53,A1025,Basic,downgrade,-20.0,LATAM,False,75,Referral,479.0
2025-06-23T02:39:01,A1025,Pro,upgrade,200.0,LATAM,False,95,Referral,679.0
2025-07-07T03:34:07,A1025,Basic,downgrade,-10.0,LATAM,False,25,Referral,669.0
2025-06-25T01:47:05,A1026,Pro,signup,99.0,LATAM,False,3,Organic,99.0
2025-07-25T15:16:17,A1026,Enterprise,renew,0.0,LATAM,False,7,Organic,99.0
2025-07-29T21:33:43,A1026,Enterprise,downgrade,-50.0,LATAM,False,24,Organic,49.0
2025-04-05T04:23:59,A1027,Pro,signup,99.0,LATAM,False,9,Organic,99.0
2025-04-08T07:16:33,A1027,Basic,cancel,-99.0,LATAM,False,95,Organic,0.0
2025-05-05T12:23:30,A1027,Enterprise,renew,0.0,LATAM,False,59,Organic,0.0
2025-07-06T00:29:13,A1027,Pro,downgrade,-99.0,LATAM,False,56,Organic,0.0
2025-05-03T23:26:39,A1028,Basic,signup,29.0,EU,True,13,Referral,29.0
2025-05-09T12:10:52,A1028,Pro,upgrade,20.0,EU,False,77,Referral,49.0
2025-05-16T04:37:45,A1028,Pro,upgrade,99.0,EU,False,38,Referral,148.0
2025-06-10T20:19:25,A1028,Basic,renew,0.0,EU,False,3,Referral,148.0
2025-07-17T22:45:33,A1028,Enterprise,upgrade,50.0,EU,False,41,Referral,198.0
2025-06-04T10:45:32,A1029,Pro,signup,99.0,LATAM,True,18,Paid,99.0
2025-07-02T11:46:03,A1029,Pro,upgrade,200.0,LATAM,False,80,Paid,299.0
2025-07-12T06:51:13,A1029,Enterprise,upgrade,200.0,LATAM,False,21,Paid,499.0
2025-07-14T23:10:41,A1029,Basic,upgrade,20.0,LATAM,False,31,Paid,519.0
2025-07-29T10:21:53,A1029,Enterprise,downgrade,-99.0,LATAM,False,23,Paid,420.0
2025-05-01T05:56:19,A1030,Basic,signup,29.0,LATAM,True,17,Outbound,29.0
2025-04-26T21:59:19,A1031,Basic,signup,29.0,EU,False,17,Referral,29.0
2025-06-19T13:33:05,A1031,Pro,renew,0.0,EU,False,40,Referral,29.0
2025-06-27T15:33:26,A1031,Basic,upgrade,99.0,EU,False,60,Referral,128.0
2025-07-17T02:54:48,A1031,Basic,downgrade,-20.0,EU,False,24,Referral,108.0
2025-07-24T23:31:03,A1031,Pro,cancel,-108.0,EU,False,43,Referral,0.0
2025-04-05T09:08:15,A1032,Basic,signup,29.0,EU,True,17,Paid,29.0
2025-04-09T12:20:16,A1032,Basic,upgrade,200.0,EU,False,65,Paid,229.0
2025-07-03T14:43:32,A1032,Basic,upgrade,99.0,EU,False,28,Paid,328.0
2025-04-09T20:42:48,A1033,Basic,signup,29.0,APAC,False,13,Organic,29.0
2025-05-06T21:59:30,A1033,Basic,cancel,-29.0,APAC,False,8,Organic,0.0
2025-05-23T05:58:51,A1033,Pro,upgrade,200.0,APAC,False,5,Organic,200.0
2025-05-21T15:18:56,A1034,Pro,signup,99.0,EU,False,2,Paid,99.0
2025-06-16T18:28:15,A1034,Enterprise,renew,0.0,EU,False,29,Paid,99.0
2025-06-21T09:31:23,A1034,Pro,cancel,-99.0,EU,False,21,Paid,0.0
2025-04-22T11:48:36,A1035,Basic,signup,29.0,LATAM,False,20,Organic,29.0
2025-05-26T18:39:52,A1035,Pro,upgrade,200.0,LATAM,False,22,Organic,229.0
2025-05-28T21:36:07,A1035,Pro,upgrade,99.0,LATAM,False,94,Organic,328.0
2025-07-28T04:08:58,A1035,Pro,downgrade,-50.0,LATAM,False,26,Organic,278.0
2025-04-11T19:50:07,A1036,Basic,signup,29.0,NA,True,16,Outbound,29.0
2025-06-25T06:01:33,A1036,Enterprise,renew,0.0,NA,False,67,Outbound,29.0
2025-06-27T18:00:18,A1036,Pro,downgrade,-50.0,NA,False,21,Outbound,0.0
2025-07-24T17:36:13,A1036,Basic,renew,0.0,NA,False,90,Outbound,0.0
2025-04-23T17:20:14,A1037,Pro,signup,99.0,APAC,False,1,Outbound,99.0
2025-05-10T08:20:36,A1037,Basic,upgrade,50.0,APAC,False,9,Outbound,149.0
2025-05-11T20:49:00,A1037,Pro,renew,0.0,APAC,False,28,Outbound,149.0
2025-05-17T14:33:23,A1037,Pro,upgrade,200.0,APAC,False,75,Outbound,349.0
2025-07-23T16:22:11,A1037,Enterprise,renew,0.0,APAC,False,29,Outbound,349.0
2025-05-31T22:16:52,A1038,Pro,signup,99.0,,False,5,Organic,99.0
2025-07-30T21:27:52,A1038,Basic,upgrade,99.0,NA,False,78,Organic,198.0
2025-05-16T14:25:40,A1039,Basic,signup,29.0,LATAM,True,24,Paid,29.0
2025-05-10T00:46:41,A1040,Pro,signup,99.0,,False,19,Outbound,99.0
2025-05-17T00:58:52,A1040,Basic,upgrade,20.0,EU,False,48,Outbound,119.0
2025-06-11T17:08:27,A1040,Enterprise,renew,0.0,EU,False,90,Outbound,119.0
2025-04-22T19:57:26,A1041,Basic,signup,29.0,EU,False,12,Organic,29.0
2025-06-03T10:08:40,A1041,Basic,upgrade,50.0,EU,False,25,Organic,79.0
2025-06-13T22:15:43,A1041,Pro,upgrade,200.0,EU,False,57,Organic,279.0
2025-06-25T17:58:35,A1041,Pro,renew,0.0,EU,False,66,Organic,279.0
2025-04-13T08:28:14,A1042,Basic,signup,29.0,APAC,True,16,Organic,29.0
2025-06-11T06:04:54,A1042,Enterprise,upgrade,99.0,APAC,False,28,Organic,128.0
2025-07-03T01:46:59,A1042,Basic,upgrade,20.0,APAC,False,26,Organic,148.0
2025-07-23T03:01:55,A1042,Enterprise,upgrade,99.0,APAC,False,20,Organic,247.0
2025-07-06T11:51:37,A1043,Basic,signup,29.0,NA,False,14,Paid,29.0
2025-04-04T06:10:12,A1044,Pro,signup,99.0,APAC,False,22,Outbound,99.0
2025-04-25T16:27:51,A1044,Basic,upgrade,200.0,APAC,False,94,Outbound,299.0
2025-04-29T10:07:19,A1044,Basic,upgrade,20.0,APAC,False,38,Outbound,319.0
2025-05-24T09:41:18,A1044,Pro,downgrade,-99.0,APAC,False,28,Outbound,220.0
2025-06-02T15:02:52,A1044,Enterprise,renew,0.0,APAC,False,51,Outbound,220.0
2025-07-08T05:23:49,A1045,basic,signup,29.0,NA,False,13,Organic,29.0
2025-07-10T01:52:47,A1045,Pro,upgrade,99.0,NA,False,47,Organic,128.0
2025-04-14T22:10:19,A1046,Enterprise,signup,499.0,APAC,False,21,Paid,499.0
2025-06-13T22:13:50,A1047,Basic,signup,29.0,LATAM,False,6,Paid,29.0
2025-07-26T12:49:04,A1047,Pro,renew,0.0,LATAM,False,47,Paid,29.0
2025-07-29T09:27:00,A1047,Basic,renew,0.0,LATAM,False,42,Paid,29.0
2025-05-09T19:44:10,A1048,Basic,signup,29.0,LATAM,True,21,Organic,29.0
2025-05-17T22:49:17,A1048,Basic,renew,0.0,LATAM,False,3,Organic,29.0
2025-05-21T19:15:27,A1048,Basic,upgrade,99.0,LATAM,False,34,Organic,128.0
2025-07-14T14:06:26,A1048,Pro,renew,0.0,LATAM,False,82,Organic,128.0
2025-04-03T22:10:48,A1049,Basic,signup,29.0,APAC,False,11,Paid,29.0
2025-04-19T23:29:50,A1049,Enterprise,upgrade,200.0,APAC,False,4,Paid,229.0
2025-07-15T22:12:59,A1049,Enterprise,upgrade,99.0,APAC,False,50,Paid,328.0
2025-04-12T21:17:32,A1050,Basic,signup,29.0,LATAM,True,16,Paid,29.0
2025-06-20T09:14:47,A1050,Pro,upgrade,50.0,LATAM,False,6,Paid,79.0
2025-05-27T20:35:41,A1051,Basic,signup,29.0,NA,False,3,Organic,29.0
2025-07-12T06:17:41,A1051,Basic,cancel,-29.0,NA,False,85,Organic,0.0
2025-06-21T23:58:12,A1052,Basic,signup,29.0,NA,False,19,Outbound,29.0
2025-06-24T09:39:37,A1052,Basic,upgrade,99.0,NA,False,98,Outbound,128.0
2025-07-19T17:43:53,A1052,Pro,upgrade,200.0,NA,False,6,Outbound,328.0
2025-07-23T11:49:33,A1052,Pro,upgrade,99.0,NA,False,79,Outbound,427.0
2025-07-29T22:36:05,A1052,Pro,cancel,-427.0,NA,False,55,Outbound,0.0
2025-06-22T20:55:31,A1053,Pro,signup,99.0,NA,False,24,Outbound,99.0
2025-07-31T23:42:52,A1053,Basic,renew,0.0,NA,False,41,Outbound,99.0
2025-05-30T00:10:16,A1054,Basic,signup,29.0,EU,False,22,Outbound,29.0
2025-06-18T19:15:50,A1055,Basic,signup,29.0,APAC,False,4,Paid,29.0
2025-06-22T06:19:10,A1055,pro,renew,0.0,APAC,False,12,Paid,29.0
2025-04-02T22:52:12,A1056,Pro,signup,99.0,EU,False,11,Organic,99.0
2025-06-11T08:01:01,A1056,Enterprise,cancel,-99.0,EU,False,24,Organic,0.0
2025-06-18T06:55:25,A1056,Pro,renew,0.0,EU,False,3,Organic,0.0
2025-04-29T21:20:28,A1057,Pro,signup,99.0,APAC,False,11,Organic,99.0
2025-05-05T10:14:30,A1057,Pro,renew,0.0,APAC,False,53,Organic,99.0
2025-06-24T21:29:20,A1057,Basic,downgrade,-99.0,APAC,False,96,Organic,0.0
2025-07-19T05:33:02,A1057,Enterprise,upgrade,99.0,APAC,False,92,Organic,99.0
2025-07-30T10:25:14,A1057,Enterprise,cancel,-99.0,APAC,False,55,Organic,0.0
2025-06-08T04:00:22,A1058,Basic,signup,29.0,APAC,True,10,Organic,29.0
2025-06-28T23:10:08,A1058,Enterprise,upgrade,200.0,APAC,False,94,Organic,229.0
2025-05-18T22:34:04,A1059,Pro,signup,99.0,APAC,True,17,Organic,99.0
2025-07-18T18:44:08,A1059,Pro,renew,0.0,APAC,False,86,Organic,99.0
2025-07-24T02:07:35,A1060,Pro,signup,99.0,APAC,False,16,Organic,99.0
2025-04-04T14:30:43,A1061,Pro,signup,99.0,EU,False,13,Outbound,99.0
2025-07-14T21:30:15,A1062,Pro,signup,99.0,LATAM,False,19,Outbound,99.0
2025-05-20T03:18:49,A1063,Enterprise,signup,499.0,LATAM,True,4,Organic,499.0
2025-07-08T13:11:21,A1063,Pro,renew,0.0,LATAM,False,67,Organic,499.0
2025-07-14T15:06:43,A1063,Basic,upgrade,50.0,LATAM,False,88,Organic,549.0
2025-07-25T11:20:51,A1063,Pro,downgrade,-20.0,LATAM,False,69,Organic,529.0
2025-04-23T02:39:51,A1064,Basic,signup,29.0,LATAM,False,24,Paid,29.0
2025-05-06T04:50:57,A1064,Pro,upgrade,50.0,LATAM,False,10,Paid,79.0
2025-05-30T09:14:49,A1064,Pro,renew,0.0,LATAM,False,14,Paid,79.0
2025-07-17T00:15:00,A1064,Enterprise,upgrade,20.0,LATAM,False,55,Paid,99.0
2025-07-24T02:58:59,A1064,Pro,upgrade,200.0,LATAM,False,86,Paid,299.0
2025-04-05T08:11:08,A1065,Basic,signup,29.0,EU,True,21,Paid,29.0
2025-05-02T07:18:04,A1065,Basic,cancel,-29.0,EU,False,96,Paid,0.0
2025-05-07T01:27:42,A1065,Pro,renew,0.0,EU,False,89,Paid,0.0
2025-06-23T17:58:12,A1065,Pro,renew,0.0,EU,False,92,Paid,0.0
2025-05-02T22:11:01,A1066,Basic,signup,29.0,EU,False,14,Organic,29.0
2025-06-11T22:57:18,A1066,Pro,cancel,-29.0,EU,False,98,Organic,0.0
2025-06-28T15:25:33,A1066,Basic,upgrade,200.0,EU,False,57,Organic,200.0
2025-04-04T13:35:17,A1067,Basic,signup,29.0,APAC,False,14,Organic,29.0
2025-04-18T19:00:00,A1067,Pro,cancel,-29.0,APAC,False,84,Organic,0.0
2025-07-10T20:12:53,A1067,Pro,renew,0.0,APAC,False,19,Organic,0.0
2025-07-21T05:34:59,A1067,Basic,cancel,-0.0,APAC,False,67,Organic,0.0
2025-07-27T16:02:11,A1067,Basic,downgrade,-10.0,APAC,False,13,Organic,0.0
2025-05-17T22:49:54,A1068,Basic,signup,29.0,APAC,False,9,Organic,29.0
2025-05-27T15:40:13,A1068,Basic,cancel,-29.0,APAC,False,56,Organic,0.0
2025-06-06T19:26:35,A1068,Enterprise,cancel,-0.0,APAC,False,33,Organic,0.0
2025-05-10T23:27:49,A1069,Pro,signup,99.0,EU,False,15,Outbound,99.0
2025-05-26T11:25:34,A1069,Enterprise,renew,0.0,EU,False,18,Outbound,99.0
2025-05-30T15:53:14,A1069,Enterprise,downgrade,-99.0,EU,False,83,Outbound,0.0
2025-06-29T10:15:34,A1069,Basic,cancel,-0.0,EU,False,19,Outbound,0.0
2025-07-26T07:50:32,A1069,Enterprise,renew,0.0,EU,False,17,Outbound,0.0
2025-04-26T21:52:46,A1070,Basic,signup,29.0,EU,False,8,Paid,29.0
2025-05-07T03:12:45,A1070,Pro,renew,0.0,EU,False,62,Paid,29.0
2025-06-23T03:42:43,A1070,Pro,downgrade,-20.0,EU,False,44,Paid,9.0
2025-06-23T23:18:28,A1070,Enterprise,upgrade,200.0,EU,False,95,Paid,209.0
2025-07-27T16:15:48,A1070,Basic,upgrade,200.0,EU,False,96,Paid,409.0
2025-05-19T05:18:06,A1071,Pro,signup,99.0,EU,False,3,Referral,99.0
2025-04-08T09:07:48,A1072,Basic,signup,29.0,APAC,True,12,Outbound,29.0
2025-04-24T20:07:33,A1072,Enterprise,renew,0.0,APAC,False,86,Outbound,29.0
2025-05-18T14:46:30,A1072,Basic,upgrade,99.0,APAC,False,49,Outbound,128.0
2025-06-06T08:24:52,A1072,Enterprise,renew,0.0,APAC,False,6,Outbound,128.0
2025-07-29T06:06:09,A1072,Enterprise,cancel,-128.0,APAC,False,86,Outbound,0.0
2025-04-12T11:17:11,A1073,Basic,signup,29.0,LATAM,False,3,Paid,29.0
2025-04-28T14:19:49,A1073,Basic,upgrade,20.0,LATAM,False,6,Paid,49.0
2025-07-02T20:14:18,A1073,Enterprise,renew,0.0,LATAM,False,72,Paid,49.0
2025-07-20T16:46:36,A1073,Pro,cancel,-49.0,LATAM,False,74,Paid,0.0
2025-06-10T09:22:24,A1074,Basic,signup,29.0,EU,False,10,Paid,29.0
2025-04-02T13:09:20,A1075,Enterprise,signup,499.0,EU,False,15,Paid,499.0
2025-06-16T19:34:41,A1075,Basic,cancel,-499.0,EU,False,28,Paid,0.0
2025-05-03T08:19:52,A1076,Pro,signup,99.0,NA,False,7,Organic,99.0
2025-05-20T12:55:49,A1076,Enterprise,renew,0.0,NA,False,11,Organic,99.0
2025-06-04T22:42:27,A1076,Basic,cancel,-99.0,NA,False,26,Organic,0.0
2025-06-17T23:31:25,A1076,Basic,upgrade,20.0,NA,False,46,Organic,20.0
2025-07-28T17:05:25,A1076,Basic,renew,0.0,NA,False,75,Organic,20.0
2025-04-28T22:39:45,A1077,Basic,signup,29.0,APAC,False,18,Referral,29.0
2025-06-12T06:21:21,A1077,Basic,renew,0.0,APAC,False,96,Referral,29.0
2025-07-29T22:02:01,A1078,Pro,signup,99.0,LATAM,False,9,Paid,99.0
2025-04-23T23:53:34,A1079,Basic,signup,29.0,EU,False,15,Outbound,29.0
2025-05-05T19:32:51,A1079,Basic,downgrade,-10.0,EU,False,85,Outbound,19.0
2025-06-19T12:57:23,A1079,Enterprise,cancel,-19.0,EU,False,11,Outbound,0.0
2025-07-05T04:02:52,A1079,Enterprise,cancel,-0.0,EU,False,76,Outbound,0.0
2025-04-07T16:04:16,A1080,Pro,signup,99.0,APAC,True,11,Outbound,99.0
2025-06-26T23:48:30,A1080,Pro,upgrade,20.0,APAC,False,92,Outbound,119.0
2025-07-23T15:41:09,A1080,Basic,upgrade,200.0,APAC,False,74,Outbound,319.0
2025-07-25T01:31:52,A1080,Enterprise,upgrade,50.0,APAC,False,79,Outbound,369.0
2025-07-03T12:13:49,A1081,Enterprise,signup,499.0,NA,False,20,Referral,499.0
2025-07-31T16:31:10,A1081,Enterprise,cancel,-499.0,NA,False,16,Referral,0.0
2025-07-31T20:19:11,A1081,Enterprise,renew,0.0,NA,False,37,Referral,0.0
2025-04-16T03:41:18,A1082,Pro,signup,99.0,APAC,True,5,Paid,99.0
2025-05-14T12:46:21,A1082,Pro,renew,0.0,APAC,False,36,Paid,99.0
2025-06-12T14:41:46,A1082,Basic,downgrade,-20.0,APAC,False,89,Paid,79.0
2025-06-15T07:33:09,A1082,Enterprise,upgrade,200.0,APAC,False,25,Paid,279.0
2025-07-13T17:45:28,A1082,Basic,upgrade,20.0,APAC,False,18,Paid,299.0
2025-07-19T09:50:35,A1083,Basic,signup,29.0,EU,False,8,Organic,29.0
2025-04-22T04:52:14,A1084,Basic,signup,29.0,APAC,True,18,Paid,29.0
2025-04-18T02:13:15,A1085,Enterprise,signup,499.0,LATAM,False,22,Outbound,499.0
2025-04-21T01:17:07,A1085,Pro,upgrade,99.0,LATAM,False,19,Outbound,598.0
2025-06-09T00:20:08,A1085,Enterprise,renew,0.0,LATAM,False,42,Outbound,598.0
2025-07-13T19:34:55,A1085,Pro,downgrade,-10.0,LATAM,False,26,Outbound,588.0
2025-07-27T00:06:38,A1086,Enterprise,signup,499.0,EU,False,7,Referral,499.0
2025-07-05T18:00:08,A1087,Basic,signup,29.0,APAC,False,20,Organic,29.0
2025-04-29T07:07:17,A1088,Basic,signup,29.0,LATAM,False,2,Paid,29.0
2025-05-16T22:03:46,A1088,Enterprise,upgrade,20.0,LATAM,False,24,Paid,49.0
2025-06-20T04:09:22,A1088,Pro,downgrade,-50.0,LATAM,False,29,Paid,0.0
2025-06-21T06:45:02,A1088,Enterprise,renew,0.0,LATAM,False,6,Paid,0.0
2025-06-07T04:15:51,A1089,Pro,signup,99.0,EU,False,2,Referral,99.0
2025-05-26T02:36:49,A1090,Enterprise,signup,499.0,EU,False,4,Paid,499.0
2025-07-22T02:12:34,A1090,Enterprise,upgrade,200.0,EU,False,67,Paid,699.0
2025-04-01T20:08:40,A1091,Basic,signup,29.0,LATAM,False,5,Organic,29.0
2025-04-16T18:39:42,A1091,Enterprise,cancel,-29.0,LATAM,False,6,Organic,0.0
2025-04-22T00:56:41,A1091,Basic,upgrade,200.0,LATAM,False,9,Organic,200.0
2025-04-29T01:19:44,A1092,Pro,signup,99.0,EU,False,5,Organic,99.0
2025-05-14T02:14:18,A1092,Pro,downgrade,-20.0,EU,False,19,Organic,79.0
2025-07-02T00:13:18,A1092,Pro,downgrade,-20.0,EU,False,62,Organic,59.0
2025-07-02T10:13:01,A1092,Pro,cancel,-59.0,EU,False,97,Organic,0.0
2025-07-06T10:00:15,A1092,Enterprise,cancel,-0.0,EU,False,73,Organic,0.0
2025-04-01T15:20:45,A1093,Pro,signup,99.0,EU,False,4,Referral,99.0
2025-06-14T01:20:06,A1093,Basic,upgrade,200.0,EU,False,92,Referral,299.0
2025-07-10T12:08:40,A1093,Enterprise,cancel,-299.0,EU,False,54,Referral,0.0
2025-07-12T03:04:00,A1093,Pro,downgrade,-10.0,EU,False,40,Referral,0.0
2025-07-21T00:49:21,A1093,Enterprise,cancel,-0.0,EU,False,96,Referral,0.0
2025-06-14T14:02:40,A1094,Pro,signup,99.0,APAC,False,18,Organic,99.0
2025-06-15T04:37:03,A1094,Pro,upgrade,20.0,APAC,False,67,Organic,119.0
2025-06-17T01:11:06,A1094,Pro,renew,0.0,APAC,False,47,Organic,119.0
2025-06-19T04:22:36,A1094,Basic,upgrade,200.0,APAC,False,53,Organic,319.0
2025-04-08T12:43:38,A1095,Basic,signup,29.0,APAC,False,18,Outbound,29.0
2025-04-11T21:55:01,A1095,Basic,downgrade,-20.0,APAC,False,3,Outbound,9.0
2025-05-17T03:41:10,A1095,Basic,upgrade,20.0,APAC,False,34,Outbound,29.0
2025-06-28T01:56:48,A1095,Pro,downgrade,-50.0,APAC,False,88,Outbound,0.0
2025-07-25T10:16:21,A1095,Enterprise,renew,0.0,APAC,False,79,Outbound,0.0
2025-04-18T23:15:32,A1096,Pro,signup,99.0,NA,True,14,Paid,99.0
2025-04-29T03:06:52,A1096,Basic,renew,0.0,NA,False,10,Paid,99.0
2025-05-27T23:00:03,A1096,Basic,downgrade,-50.0,NA,False,92,Paid,49.0
2025-06-30T10:30:22,A1096,Basic,cancel,-49.0,NA,False,28,Paid,0.0
2025-07-29T10:00:08,A1096,Enterprise,renew,0.0,NA,False,83,Paid,0.0
2025-04-01T11:47:32,A1097,Enterprise,signup,499.0,EU,False,3,Referral,499.0
2025-04-09T22:21:18,A1097,Pro,renew,0.0,EU,False,13,Referral,499.0
2025-04-28T23:50:32,A1097,Basic,downgrade,-50.0,EU,False,22,Referral,449.0
2025-05-03T04:45:44,A1098,Basic,signup,29.0,NA,False,14,Organic,29.0
2025-05-23T12:59:51,A1098,Enterprise,upgrade,20.0,NA,False,27,Organic,49.0
2025-07-09T02:28:41,A1098,Pro,renew,0.0,NA,False,30,Organic,49.0
2025-07-30T16:51:58,A1098,Basic,upgrade,50.0,NA,False,91,Organic,99.0
2025-05-26T15:04:31,A1099,Basic,signup,29.0,LATAM,False,8,Referral,29.0
2025-04-08T21:12:22,A1100,Basic,signup,29.0,APAC,False,18,Paid,29.0
2025-04-19T04:16:43,A1100,Basic,upgrade,200.0,APAC,False,6,Paid,229.0
2025-05-15T03:03:16,A1100,Basic,downgrade,-20.0,APAC,False,41,Paid,209.0
2025-07-01T17:00:37,A1100,Pro,upgrade,200.0,APAC,False,19,Paid,409.0
2025-07-06T09:04:32,A1100,Basic,cancel,-409.0,APAC,False,67,Paid,0.0
2025-04-26T23:07:05,A1101,Basic,signup,29.0,APAC,False,6,Paid,29.0
2025-06-22T14:34:02,A1101,Pro,renew,0.0,APAC,False,73,Paid,29.0
2025-07-13T20:56:35,A1101,Pro,renew,0.0,APAC,False,24,Paid,29.0
2025-07-28T00:45:41,A1101,Basic,upgrade,50.0,APAC,False,56,Paid,79.0
2025-04-09T13:09:17,A1102,Basic,signup,29.0,NA,True,7,Referral,29.0
2025-04-22T16:30:22,A1102,Basic,upgrade,200.0,NA,False,61,Referral,229.0
2025-05-18T17:26:38,A1102,Basic,upgrade,50.0,NA,False,38,Referral,279.0
2025-07-19T19:31:38,A1102,Basic,renew,0.0,NA,False,63,Referral,279.0
2025-07-22T15:26:37,A1102,Pro,upgrade,99.0,NA,False,74,Referral,378.0
2025-06-15T08:44:23,A1103,Pro,signup,99.0,LATAM,False,20,Outbound,99.0
2025-04-03T21:58:25,A1104,Enterprise,signup,499.0,APAC,True,16,Paid,499.0
2025-07-05T00:41:16,A1105,Basic,signup,29.0,LATAM,False,20,Organic,29.0
2025-05-04T02:01:19,A1106,Basic,signup,29.0,APAC,False,22,Paid,29.0
2025-05-06T08:53:58,A1106,Pro,renew,0.0,APAC,False,18,Paid,29.0
2025-06-06T21:50:39,A1106,Pro,downgrade,-10.0,APAC,False,62,Paid,19.0
2025-07-21T13:44:31,A1106,Pro,upgrade,50.0,APAC,False,21,Paid,69.0
2025-05-10T18:05:35,A1107,Enterprise,signup,499.0,NA,False,5,Referral,499.0
2025-06-04T18:03:38,A1107,Enterprise,cancel,-499.0,NA,False,31,Referral,0.0
2025-06-15T00:39:18,A1107,Enterprise,cancel,-0.0,NA,False,52,Referral,0.0
2025-07-20T20:23:12,A1107,Pro,renew,0.0,NA,False,90,Referral,0.0
2025-06-06T14:42:25,A1108,Basic,signup,29.0,APAC,False,3,Referral,29.0
2025-05-16T09:15:09,A1109,Basic,signup,29.0,LATAM,False,6,Outbound,29.0
2025-06-22T11:35:14,A1109,Enterprise,renew,0.0,LATAM,False,24,Outbound,29.0
2025-06-25T22:27:09,A1109,Enterprise,upgrade,99.0,LATAM,False,98,Outbound,128.0
2025-07-12T07:04:03,A1109,Basic,downgrade,-10.0,LATAM,False,32,Outbound,118.0
2025-05-17T13:20:37,A1110,Basic,signup,29.0,APAC,False,7,Organic,29.0
2025-06-12T04:53:55,A1110,Enterprise,renew,0.0,APAC,False,31,Organic,29.0
2025-06-26T15:00:11,A1110,Pro,renew,0.0,APAC,False,33,Organic,29.0
2025-07-07T03:14:58,A1110,Basic,upgrade,20.0,APAC,False,9,Organic,49.0
2025-04-09T01:31:25,A1111,Enterprise,signup,499.0,APAC,False,12,Organic,499.0
2025-05-20T20:19:16,A1111,Basic,cancel,-499.0,APAC,False,43,Organic,0.0
2025-07-09T07:33:16,A1111,Basic,upgrade,99.0,APAC,False,53,Organic,99.0
2025-04-15T23:06:57,A1112,Basic,signup,29.0,EU,False,18,Paid,29.0
2025-04-22T11:28:28,A1112,Enterprise,downgrade,-10.0,EU,False,62,Paid,19.0
2025-04-27T15:21:09,A1112,Pro,upgrade,50.0,EU,False,81,Paid,69.0
2025-06-10T12:11:43,A1112,Enterprise,upgrade,20.0,EU,False,13,Paid,89.0
2025-07-29T00:25:25,A1112,Basic,downgrade,-99.0,EU,False,39,Paid,0.0
2025-04-08T01:37:08,A1113,Basic,signup,29.0,NA,False,3,Referral,29.0
2025-05-22T15:00:59,A1113,Basic,upgrade,200.0,NA,False,54,Referral,229.0
2025-05-23T00:39:37,A1113,Enterprise,renew,0.0,NA,False,41,Referral,229.0
2025-06-24T05:55:24,A1113,Basic,upgrade,20.0,NA,False,80,Referral,249.0
2025-07-06T23:54:53,A1113,Pro,renew,0.0,NA,False,84,Referral,249.0
2025-05-12T17:10:11,A1114,Pro,signup,99.0,EU,False,12,Paid,99.0
2025-04-14T12:26:46,A1115,Pro,signup,99.0,APAC,False,8,Outbound,99.0
2025-06-04T17:28:50,A1115,Pro,cancel,-99.0,APAC,False,40,Outbound,0.0
2025-06-20T10:04:09,A1115,Basic,renew,0.0,APAC,False,18,Outbound,0.0
2025-06-22T17:24:34,A1115,Basic,renew,0.0,APAC,False,68,Outbound,0.0
2025-06-26T18:14:01,A1115,Enterprise,renew,0.0,APAC,False,71,Outbound,0.0
2025-04-19T15:21:02,A1116,Basic,signup,29.0,NA,False,23,Organic,29.0
2025-06-13T15:37:48,A1116,Basic,cancel,-29.0,NA,False,95,Organic,0.0
2025-07-05T22:20:06,A1116,Pro,renew,0.0,NA,False,84,Organic,0.0
2025-07-11T13:46:21,A1116,Pro,upgrade,99.0,NA,False,64,Organic,99.0
2025-05-04T06:08:44,A1117,Pro,signup,99.0,NA,False,17,Organic,99.0
2025-05-28T06:19:05,A1117,Enterprise,downgrade,-10.0,NA,False,16,Organic,89.0
2025-06-17T19:28:14,A1117,Enterprise,renew,0.0,NA,False,26,Organic,89.0
2025-07-26T17:50:37,A1117,Pro,renew,0.0,NA,False,51,Organic,89.0
2025-05-04T21:52:55,A1118,Pro,signup,99.0,NA,False,2,Paid,99.0
2025-06-11T18:30:38,A1118,Basic,renew,0.0,NA,False,73,Paid,99.0
2025-04-17T07:59:08,A1119,Enterprise,signup,499.0,LATAM,True,7,Outbound,499.0
2025-07-15T03:17:22,A1119,Basic,renew,0.0,LATAM,False,55,Outbound,499.0
2025-05-05T13:00:00,A1120,Basic,signup,29.0,LATAM,False,5,Organic,29.0
2025-05-25T14:38:13,A1121,Basic,signup,29.0,EU,False,8,Paid,29.0
2025-04-27T11:26:32,A1122,Pro,signup,99.0,NA,False,19,Referral,99.0
2025-05-22T03:31:04,A1122,basic,downgrade,-20.0,NA,False,68,Referral,79.0
2025-06-18T07:37:46,A1122,Basic,downgrade,-50.0,NA,False,74,Referral,29.0
2025-06-26T08:45:56,A1122,Enterprise,renew,0.0,NA,False,91,Referral,29.0
2025-06-29T04:22:58,A1122,Enterprise,downgrade,-50.0,NA,False,82,Referral,0.0
2025-04-16T08:58:34,A1123,Basic,signup,29.0,EU,False,14,Paid,29.0
2025-07-03T01:29:11,A1123,Pro,renew,0.0,EU,False,16,Paid,29.0
2025-04-07T06:06:54,A1124,Basic,signup,29.0,APAC,False,1,Outbound,29.0
2025-06-07T00:29:55,A1124,Enterprise,renew,0.0,APAC,False,15,Outbound,29.0
2025-06-23T14:26:01,A1124,Pro,downgrade,-99.0,APAC,False,11,Outbound,0.0
2025-07-23T01:03:28,A1124,Enterprise,upgrade,50.0,APAC,False,34,Outbound,50.0
2025-07-31T21:53:58,A1124,Pro,renew,0.0,APAC,False,39,Outbound,50.0
2025-04-15T06:20:07,A1125,Basic,signup,29.0,EU,False,12,Referral,29.0
2025-04-19T18:34:16,A1125,Basic,cancel,-29.0,EU,False,17,Referral,0.0
2025-05-10T10:40:04,A1125,Pro,upgrade,50.0,EU,False,16,Referral,50.0
2025-06-01T12:41:37,A1125,Enterprise,renew,0.0,EU,False,3,Referral,50.0
2025-06-08T07:40:51,A1125,Pro,renew,0.0,EU,False,36,Referral,50.0
2025-04-04T01:21:36,A1126,Enterprise,signup,499.0,APAC,True,15,Referral,499.0
2025-05-02T13:00:26,A1126,Pro,cancel,-499.0,APAC,False,95,Referral,0.0
2025-05-15T03:53:22,A1126,Pro,upgrade,200.0,APAC,False,91,Referral,200.0
2025-05-18T16:09:07,A1126,Enterprise,renew,0.0,APAC,False,12,Referral,200.0
2025-04-26T15:25:20,A1127,Basic,signup,29.0,NA,False,4,Referral,29.0
2025-04-20T05:53:45,A1128,Pro,signup,99.0,NA,False,24,Outbound,99.0
2025-05-08T02:35:36,A1128,Pro,downgrade,-50.0,NA,False,31,Outbound,49.0
2025-06-15T13:45:10,A1128,Enterprise,upgrade,50.0,NA,False,30,Outbound,99.0
2025-07-30T12:51:25,A1128,Enterprise,renew,0.0,NA,False,60,Outbound,99.0
2025-07-28T17:28:41,A1129,basic,signup,29.0,APAC,False,24,Referral,29.0
2025-05-12T22:21:29,A1130,Enterprise,signup,499.0,EU,True,2,Paid,499.0
2025-07-03T20:38:38,A1130,Pro,upgrade,20.0,EU,False,45,Paid,519.0
2025-07-27T02:04:22,A1130,Pro,cancel,-519.0,EU,False,79,Paid,0.0
2025-05-21T20:08:26,A1131,pro,signup,99.0,LATAM,False,10,Paid,99.0
2025-04-17T11:47:00,A1132,Basic,signup,29.0,APAC,False,11,Organic,29.0
2025-04-18T16:54:35,A1132,Basic,upgrade,20.0,APAC,False,55,Organic,49.0
2025-04-23T05:58:31,A1132,Basic,downgrade,-99.0,APAC,False,85,Organic,0.0
2025-06-15T18:49:35,A1132,Enterprise,cancel,-0.0,APAC,False,41,Organic,0.0
2025-07-28T12:40:05,A1132,Pro,upgrade,99.0,APAC,False,30,Organic,99.0
2025-04-11T15:07:11,A1133,Pro,signup,99.0,NA,False,20,Referral,99.0
2025-05-15T01:21:52,A1133,Basic,upgrade,50.0,NA,False,47,Referral,149.0
2025-06-15T21:27:40,A1133,Pro,cancel,-149.0,NA,False,89,Referral,0.0
2025-06-26T00:11:58,A1133,Pro,renew,0.0,NA,False,80,Referral,0.0
2025-05-16T23:26:37,A1134,Basic,signup,29.0,APAC,False,22,Organic,29.0
2025-05-31T11:07:12,A1134,Pro,renew,0.0,APAC,False,44,Organic,29.0
2025-06-08T05:21:36,A1135,Pro,signup,99.0,APAC,False,19,Paid,99.0
2025-04-13T16:17:40,A1136,Pro,signup,99.0,LATAM,True,20,Organic,99.0
2025-06-11T09:31:21,A1137,Basic,signup,29.0,NA,False,2,Paid,29.0
2025-06-25T10:27:27,A1137,Enterprise,renew,0.0,NA,False,58,Paid,29.0
2025-04-29T03:21:27,A1138,Pro,signup,99.0,APAC,False,11,Outbound,99.0
2025-04-29T15:23:39,A1138,Pro,upgrade,50.0,APAC,False,92,Outbound,149.0
2025-07-04T05:46:07,A1138,Enterprise,renew,0.0,APAC,False,77,Outbound,149.0
2025-06-26T16:43:59,A1139,Basic,signup,29.0,APAC,False,18,Organic,29.0
2025-07-05T12:47:14,A1140,Basic,signup,29.0,EU,False,8,Outbound,29.0
2025-04-21T18:44:30,A1141,Enterprise,signup,499.0,NA,False,23,Organic,499.0
2025-04-24T15:00:14,A1141,Pro,upgrade,99.0,NA,False,91,Organic,598.0
2025-05-01T11:09:41,A1142,Basic,signup,29.0,EU,False,8,Referral,29.0
2025-06-08T12:43:29,A1142,Pro,downgrade,-10.0,EU,False,54,Referral,19.0
2025-07-08T20:27:31,A1142,Enterprise,upgrade,200.0,EU,False,84,Referral,219.0
2025-07-12T17:21:44,A1142,Pro,upgrade,50.0,EU,False,41,Referral,269.0
2025-07-14T00:21:35,A1142,Basic,cancel,-269.0,EU,False,5,Referral,0.0
2025-04-07T01:00:01,A1143,Pro,signup,99.0,EU,False,8,Paid,99.0
2025-06-19T00:11:46,A1143,Pro,cancel,-99.0,EU,False,47,Paid,0.0
2025-07-02T09:25:19,A1143,Basic,cancel,-0.0,EU,False,21,Paid,0.0
2025-04-06T20:51:49,A1144,Basic,signup,29.0,APAC,False,24,Outbound,29.0
2025-04-05T02:19:08,A1145,Basic,signup,29.0,EU,True,20,Paid,29.0
2025-04-13T13:48:31,A1145,Basic,cancel,-29.0,EU,False,87,Paid,0.0
2025-05-19T11:59:40,A1145,Enterprise,renew,0.0,EU,False,91,Paid,0.0
2025-05-26T09:23:55,A1145,Basic,upgrade,20.0,EU,False,42,Paid,20.0
2025-05-02T09:54:51,A1146,Basic,signup,29.0,LATAM,True,24,Outbound,29.0
2025-05-25T07:19:46,A1146,Basic,renew,0.0,LATAM,False,8,Outbound,29.0
2025-06-26T09:50:45,A1146,Basic,downgrade,-50.0,LATAM,False,44,Outbound,0.0
2025-07-16T14:44:26,A1147,Basic,signup,29.0,LATAM,True,9,Referral,29.0
2025-04-15T13:00:45,A1148,Enterprise,signup,499.0,NA,False,10,Organic,499.0
2025-05-02T02:57:28,A1148,Enterprise,renew,0.0,NA,False,30,Organic,499.0
2025-06-16T09:49:09,A1148,Enterprise,upgrade,50.0,NA,False,38,Organic,549.0
2025-06-20T17:46:52,A1148,Pro,downgrade,-20.0,NA,False,80,Organic,529.0
2025-07-01T16:15:39,A1148,Pro,renew,0.0,NA,False,2,Organic,529.0
2025-07-03T00:29:18,A1149,Basic,signup,29.0,EU,True,24,Paid,29.0
2025-07-31T10:34:33,A1149,Basic,downgrade,-10.0,EU,False,75,Paid,19.0
2025-05-12T02:35:25,A1150,Enterprise,signup,499.0,LATAM,False,23,Organic,499.0
2025-05-28T01:11:52,A1150,Enterprise,cancel,-499.0,LATAM,False,95,Organic,0.0
2025-06-11T08:47:00,A1150,Pro,upgrade,20.0,LATAM,False,46,Organic,20.0
2025-06-22T16:39:00,A1150,Enterprise,cancel,-20.0,LATAM,False,21,Organic,0.0
2025-05-25T18:27:13,A1151,Basic,signup,29.0,LATAM,False,1,Outbound,29.0
2025-04-10T00:50:31,A1152,Pro,signup,99.0,APAC,False,23,Organic,99.0
2025-06-08T22:00:35,A1152,Enterprise,downgrade,-10.0,APAC,False,38,Organic,89.0
2025-06-21T23:55:31,A1152,Pro,renew,0.0,APAC,False,16,Organic,89.0
2025-07-08T02:48:33,A1152,Enterprise,cancel,-89.0,APAC,False,40,Organic,0.0
2025-05-23T01:46:58,A1153,Pro,signup,99.0,NA,False,7,Outbound,99.0
2025-05-28T06:14:32,A1153,Enterprise,renew,0.0,NA,False,64,Outbound,99.0
2025-05-13T12:49:23,A1154,Pro,signup,99.0,NA,True,24,Outbound,99.0
2025-06-07T20:39:58,A1154,Basic,upgrade,99.0,NA,False,45,Outbound,198.0
2025-05-25T22:31:42,A1155,Basic,signup,29.0,APAC,True,12,Organic,29.0
2025-04-03T16:27:32,A1156,Basic,signup,29.0,EU,False,19,Outbound,29.0
2025-05-13T17:12:35,A1156,Basic,renew,0.0,EU,False,19,Outbound,29.0
2025-06-26T17:00:02,A1156,Basic,upgrade,20.0,EU,False,59,Outbound,49.0
2025-07-04T22:27:48,A1156,Basic,upgrade,99.0,EU,False,96,Outbound,148.0
2025-05-02T04:58:18,A1157,Basic,signup,29.0,NA,False,1,Paid,29.0
2025-05-01T02:07:42,A1158,Basic,signup,29.0,APAC,False,2,Paid,29.0
2025-06-13T18:10:50,A1158,Basic,upgrade,200.0,APAC,False,37,Paid,229.0
2025-06-16T17:06:02,A1158,Enterprise,upgrade,200.0,APAC,False,92,Paid,429.0
2025-07-04T20:25:54,A1158,Enterprise,upgrade,20.0,APAC,False,96,Paid,449.0
2025-04-29T16:34:43,A1159,Pro,signup,99.0,NA,False,6,Paid,99.0
2025-07-07T10:02:28,A1159,Basic,cancel,-99.0,NA,False,48,Paid,0.0
2025-04-08T06:23:36,A1160,Pro,signup,99.0,NA,False,8,Referral,99.0
2025-06-25T16:41:52,A1160,Basic,upgrade,20.0,NA,False,58,Referral,119.0
2025-06-21T12:37:57,A1161,Pro,signup,99.0,APAC,True,5,Organic,99.0
2025-04-17T19:35:42,A1162,Pro,signup,99.0,EU,True,10,Referral,99.0
2025-05-03T09:57:43,A1163,Pro,signup,99.0,LATAM,True,21,Referral,99.0
2025-05-29T16:37:41,A1163,Basic,upgrade,50.0,LATAM,False,72,Referral,149.0
2025-06-04T07:09:57,A1163,Enterprise,cancel,-149.0,LATAM,False,36,Referral,0.0
2025-06-20T12:01:43,A1163,Pro,cancel,-0.0,LATAM,False,90,Referral,0.0
2025-04-02T03:36:42,A1164,Basic,signup,29.0,LATAM,False,16,Referral,29.0
2025-04-04T02:09:20,A1164,Basic,upgrade,20.0,LATAM,False,83,Referral,49.0
2025-04-13T17:14:40,A1164,Basic,downgrade,-99.0,LATAM,False,58,Referral,0.0
2025-05-27T12:57:39,A1164,Enterprise,renew,0.0,LATAM,False,93,Referral,0.0
2025-06-01T02:22:48,A1164,Pro,renew,0.0,LATAM,False,56,Referral,0.0
2025-04-13T22:41:47,A1165,Enterprise,signup,499.0,NA,False,12,Paid,499.0
2025-05-05T12:43:02,A1165,Pro,renew,0.0,NA,False,70,Paid,499.0
2025-05-15T19:17:31,A1165,Pro,upgrade,200.0,NA,False,15,Paid,699.0
2025-05-15T19:39:34,A1166,Pro,signup,99.0,LATAM,False,3,Organic,99.0
2025-05-17T03:05:13,A1166,Pro,upgrade,200.0,LATAM,False,88,Organic,299.0
2025-05-26T08:23:06,A1166,Basic,upgrade,20.0,LATAM,False,67,Organic,319.0
2025-07-06T11:21:39,A1166,Basic,renew,0.0,LATAM,False,94,Organic,319.0
2025-07-20T10:52:57,A1166,Basic,downgrade,-20.0,LATAM,False,15,Organic,299.0
2025-04-14T06:35:13,A1167,Basic,signup,29.0,NA,False,7,Paid,29.0
2025-04-23T09:33:26,A1167,Basic,downgrade,-20.0,NA,False,28,Paid,9.0
2025-05-04T11:07:58,A1168,Basic,signup,29.0,EU,True,9,Referral,29.0
2025-05-06T19:55:11,A1168,Enterprise,downgrade,-10.0,EU,False,35,Referral,19.0
2025-06-30T16:42:50,A1168,Basic,cancel,-19.0,EU,False,46,Referral,0.0
2025-05-08T22:27:57,A1169,Basic,signup,29.0,LATAM,False,24,Organic,29.0
2025-05-27T21:26:50,A1169,Basic,renew,0.0,LATAM,False,27,Organic,29.0
2025-06-10T22:40:29,A1169,Basic,upgrade,20.0,LATAM,False,6,Organic,49.0
2025-07-09T09:11:33,A1169,Basic,upgrade,50.0,LATAM,False,1,Organic,99.0
2025-04-19T08:16:40,A1170,Pro,signup,99.0,NA,False,12,Paid,99.0
2025-05-23T22:05:09,A1170,Enterprise,upgrade,99.0,NA,False,47,Paid,198.0
2025-05-29T15:01:19,A1170,Enterprise,renew,0.0,NA,False,13,Paid,198.0
2025-06-28T01:10:54,A1170,Pro,cancel,-198.0,NA,False,14,Paid,0.0
2025-07-02T02:09:32,A1170,Enterprise,renew,0.0,NA,False,5,Paid,0.0
2025-06-14T16:23:51,A1171,Pro,signup,99.0,APAC,False,10,Organic,99.0
2025-07-17T19:37:24,A1171,Enterprise,downgrade,-10.0,APAC,False,74,Organic,89.0
2025-07-23T10:30:54,A1171,Pro,downgrade,-50.0,APAC,False,51,Organic,39.0
2025-05-18T12:12:33,A1172,Pro,signup,99.0,,False,16,Organic,99.0
2025-05-28T01:50:37,A1172,Pro,renew,0.0,APAC,False,29,Organic,99.0
2025-06-20T11:46:11,A1172,Pro,cancel,-99.0,APAC,False,79,Organic,0.0
2025-06-23T17:35:25,A1172,pro,renew,0.0,APAC,False,75,Organic,0.0
2025-07-22T09:18:36,A1172,Pro,upgrade,20.0,APAC,False,85,Organic,20.0
2025-05-05T21:36:15,A1173,Basic,signup,29.0,EU,False,11,Organic,29.0
2025-06-08T04:40:29,A1173,Pro,renew,0.0,EU,False,62,Organic,29.0
2025-06-14T21:37:22,A1173,Pro,renew,0.0,EU,False,14,Organic,29.0
2025-07-07T06:39:35,A1173,Enterprise,cancel,-29.0,EU,False,23,Organic,0.0
2025-07-25T13:06:18,A1173,Basic,cancel,-0.0,EU,False,91,Organic,0.0
2025-05-28T10:56:28,A1174,Basic,signup,29.0,EU,True,1,Referral,29.0
2025-05-17T13:40:20,A1175,Pro,signup,99.0,APAC,False,11,Outbound,99.0
2025-05-19T05:52:18,A1175,Basic,upgrade,200.0,APAC,False,43,Outbound,299.0
2025-06-17T12:05:54,A1175,Pro,renew,0.0,APAC,False,40,Outbound,299.0
2025-07-08T05:41:54,A1175,Basic,upgrade,99.0,APAC,False,41,Outbound,398.0
2025-05-28T23:16:40,A1176,Enterprise,signup,499.0,LATAM,False,12,Outbound,499.0
2025-05-05T19:58:26,A1177,basic,signup,29.0,EU,False,11,Outbound,29.0
2025-07-08T11:02:52,A1177,Basic,renew,0.0,EU,False,12,Outbound,29.0
2025-05-31T01:38:00,A1178,Basic,signup,29.0,EU,False,16,Referral,29.0
2025-05-24T01:00:19,A1179,Basic,signup,29.0,APAC,False,8,Outbound,29.0
2025-06-06T01:14:14,A1179,Enterprise,upgrade,50.0,APAC,False,71,Outbound,79.0
2025-06-13T16:22:16,A1179,Basic,renew,0.0,APAC,False,36,Outbound,79.0
2025-06-19T21:15:26,A1179,Basic,upgrade,50.0,APAC,False,47,Outbound,129.0
2025-07-24T19:38:06,A1179,Pro,upgrade,99.0,APAC,False,58,Outbound,228.0
2025-06-06T04:12:32,A1180,Enterprise,signup,499.0,LATAM,False,20,Referral,499.0
2025-06-10T04:53:32,A1180,Enterprise,cancel,-499.0,LATAM,False,70,Referral,0.0
2025-07-21T09:39:23,A1180,Basic,upgrade,20.0,LATAM,False,34,Referral,20.0
2025-07-29T15:09:54,A1180,Enterprise,downgrade,-50.0,LATAM,False,24,Referral,0.0
2025-04-22T03:30:46,A1181,Pro,signup,99.0,LATAM,False,7,Organic,99.0
2025-05-08T15:48:47,A1181,Enterprise,renew,0.0,LATAM,False,43,Organic,99.0
2025-06-03T23:21:18,A1181,Basic,upgrade,20.0,LATAM,False,59,Organic,119.0
2025-06-10T10:10:53,A1181,Basic,upgrade,50.0,LATAM,False,66,Organic,169.0
2025-06-21T09:26:34,A1181,Basic,upgrade,50.0,LATAM,False,61,Organic,219.0
2025-04-17T00:44:14,A1182,Basic,signup,29.0,NA,False,12,Referral,29.0
2025-05-06T03:32:13,A1182,Basic,downgrade,-50.0,NA,False,80,Referral,0.0
2025-05-22T02:31:51,A1183,Basic,signup,29.0,APAC,False,5,Outbound,29.0
2025-04-20T02:09:00,A1184,Basic,signup,29.0,LATAM,False,6,Referral,29.0
2025-06-20T22:22:42,A1184,Basic,renew,0.0,LATAM,False,4,Referral,29.0
2025-04-22T06:53:13,A1185,Basic,signup,29.0,LATAM,True,19,Referral,29.0
2025-05-04T07:44:35,A1185,Pro,upgrade,20.0,LATAM,False,64,Referral,49.0
2025-05-26T11:39:24,A1185,Basic,upgrade,50.0,LATAM,False,20,Referral,99.0
2025-07-09T16:04:59,A1185,Basic,renew,0.0,LATAM,False,45,Referral,99.0
2025-07-13T07:54:09,A1185,Pro,upgrade,50.0,LATAM,False,13,Referral,149.0
2025-04-20T22:36:22,A1186,Basic,signup,29.0,LATAM,True,3,Referral,29.0
2025-05-07T04:08:28,A1186,Enterprise,downgrade,-10.0,LATAM,False,79,Referral,19.0
2025-05-13T10:52:46,A1186,Basic,cancel,-19.0,LATAM,False,36,Referral,0.0
2025-07-18T18:01:52,A1186,Enterprise,renew,0.0,LATAM,False,97,Referral,0.0
2025-07-02T03:01:59,A1187,Pro,signup,99.0,APAC,False,23,Outbound,99.0
2025-04-16T15:10:15,A1188,Basic,signup,29.0,APAC,False,17,Paid,29.0
2025-04-17T07:21:36,A1188,Enterprise,renew,0.0,APAC,False,19,Paid,29.0
2025-06-09T09:48:09,A1188,Basic,renew,0.0,APAC,False,86,Paid,29.0
2025-07-17T12:42:11,A1188,Enterprise,downgrade,-99.0,APAC,False,36,Paid,0.0
2025-07-22T23:21:23,A1188,Enterprise,upgrade,50.0,APAC,False,40,Paid,50.0
2025-04-12T14:34:26,A1189,Basic,signup,29.0,EU,True,7,Paid,29.0
2025-04-15T18:20:05,A1189,Basic,renew,0.0,EU,False,76,Paid,29.0
2025-06-16T20:38:06,A1189,Basic,upgrade,99.0,EU,False,31,Paid,128.0
2025-07-14T22:48:26,A1189,Pro,cancel,-128.0,EU,False,84,Paid,0.0
2025-07-28T07:01:55,A1189,Basic,upgrade,20.0,EU,False,70,Paid,20.0
2025-04-11T01:23:38,A1190,Basic,signup,29.0,EU,False,2,Referral,29.0
2025-04-06T18:20:58,A1191,Basic,signup,29.0,LATAM,True,24,Outbound,29.0
2025-04-17T19:29:54,A1192,Basic,signup,29.0,APAC,True,20,Organic,29.0
2025-05-24T08:05:45,A1192,Pro,renew,0.0,,False,71,Organic,29.0
2025-07-20T17:32:54,A1192,Pro,renew,0.0,APAC,False,51,Organic,29.0
2025-05-19T22:57:08,A1193,Enterprise,signup,499.0,APAC,False,24,Paid,499.0
2025-05-20T04:50:52,A1193,Basic,renew,0.0,APAC,False,76,Paid,499.0
2025-06-03T16:30:30,A1193,Basic,downgrade,-99.0,APAC,False,5,Paid,400.0
2025-07-15T10:46:58,A1193,Pro,upgrade,200.0,APAC,False,55,Paid,600.0
2025-05-20T09:25:36,A1194,Basic,signup,29.0,APAC,False,6,Referral,29.0
2025-05-27T23:31:04,A1194,Pro,cancel,-29.0,APAC,False,46,Referral,0.0
2025-06-10T03:50:23,A1194,Pro,upgrade,20.0,APAC,False,80,Referral,20.0
2025-05-11T18:47:10,A1195,Basic,signup,29.0,APAC,False,21,Outbound,29.0
2025-05-25T16:09:21,A1195,Enterprise,upgrade,99.0,APAC,False,65,Outbound,128.0
2025-06-04T21:28:34,A1195,Enterprise,renew,0.0,APAC,False,53,Outbound,128.0
2025-06-06T15:16:41,A1195,Pro,upgrade,200.0,APAC,False,69,Outbound,328.0
2025-07-13T09:37:01,A1196,Basic,signup,29.0,LATAM,False,24,Outbound,29.0
2025-04-17T15:06:52,A1197,Basic,signup,29.0,APAC,False,7,Organic,29.0
2025-05-23T18:15:34,A1197,Basic,downgrade,-20.0,APAC,False,85,Organic,9.0
2025-05-25T01:04:53,A1197,Basic,downgrade,-99.0,APAC,False,86,Organic,0.0
2025-06-01T13:25:46,A1197,Pro,upgrade,50.0,APAC,False,77,Organic,50.0
2025-06-25T23:25:26,A1197,Enterprise,upgrade,200.0,APAC,False,70,Organic,250.0
2025-05-02T08:51:01,A1198,Enterprise,signup,499.0,APAC,False,7,Organic,499.0
2025-05-17T16:27:39,A1198,Enterprise,renew,0.0,APAC,False,22,Organic,499.0
2025-04-11T07:09:31,A1199,Pro,signup,99.0,APAC,False,11,Organic,99.0
2025-04-30T01:44:18,A1199,Basic,upgrade,50.0,APAC,False,39,Organic,149.0
2025-05-09T23:45:16,A1199,Enterprise,cancel,-149.0,APAC,False,53,Organic,0.0
2025-06-02T11:51:05,A1199,Basic,cancel,-0.0,APAC,False,77,Organic,0.0
2025-07-29T13:12:24,A1199,Pro,cancel,-0.0,APAC,False,74,Organic,0.0
2025-04-07T07:50:15,A1200,Enterprise,signup,499.0,EU,False,20,Organic,499.0
2025-04-08T08:11:09,A1200,Enterprise,cancel,-499.0,EU,False,62,Organic,0.0
2025-06-12T18:13:29,A1200,Pro,cancel,-0.0,EU,False,56,Organic,0.0
2025-06-22T03:24:17,A1200,Enterprise,upgrade,50.0,EU,False,10,Organic,50.0
2025-06-29T05:12:23,A1200,Enterprise,upgrade,20.0,EU,False,95,Organic,70.0
2025-04-18T20:12:10,A1201,Pro,signup,99.0,EU,False,20,Organic,99.0
2025-05-15T23:22:13,A1201,Basic,downgrade,-20.0,EU,False,90,Organic,79.0
2025-06-02T04:35:49,A1201,Basic,cancel,-79.0,EU,False,84,Organic,0.0
2025-06-04T11:01:44,A1201,Enterprise,renew,0.0,EU,False,3,Organic,0.0
2025-07-27T00:48:14,A1201,Pro,renew,0.0,EU,False,57,Organic,0.0
2025-04-17T22:02:51,A1202,Enterprise,signup,499.0,APAC,False,14,Organic,499.0
2025-05-01T20:26:24,A1202,Enterprise,upgrade,99.0,APAC,False,99,Organic,598.0
2025-05-11T03:34:52,A1202,Basic,upgrade,50.0,APAC,False,66,Organic,648.0
2025-07-26T15:16:04,A1202,Basic,upgrade,50.0,APAC,False,43,Organic,698.0
2025-05-11T11:29:43,A1203,Basic,signup,29.0,NA,False,24,Organic,29.0
2025-05-27T08:12:57,A1203,Pro,renew,0.0,NA,False,10,Organic,29.0
2025-04-13T07:34:30,A1204,Basic,signup,29.0,NA,True,17,Paid,29.0
2025-04-18T21:11:32,A1204,Pro,upgrade,99.0,NA,False,98,Paid,128.0
2025-05-21T23:49:56,A1204,Enterprise,renew,0.0,NA,False,95,Paid,128.0
2025-07-05T15:40:11,A1204,Pro,downgrade,-50.0,NA,False,36,Paid,78.0
2025-07-10T18:50:31,A1204,Pro,upgrade,200.0,NA,False,25,Paid,278.0
2025-04-04T13:39:09,A1205,Pro,signup,99.0,LATAM,False,2,Organic,99.0
2025-04-18T05:22:28,A1205,Pro,renew,0.0,LATAM,False,58,Organic,99.0
2025-05-28T20:57:32,A1205,Enterprise,renew,0.0,LATAM,False,79,Organic,99.0
2025-06-21T12:56:39,A1205,Pro,upgrade,50.0,LATAM,False,5,Organic,149.0
2025-07-03T04:32:08,A1205,Pro,renew,0.0,LATAM,False,42,Organic,149.0
2025-04-14T03:54:45,A1206,Pro,signup,99.0,APAC,False,5,Outbound,99.0
2025-05-30T18:26:26,A1206,Pro,renew,0.0,APAC,False,77,Outbound,99.0
2025-07-10T10:03:00,A1206,Basic,downgrade,-99.0,APAC,False,80,Outbound,0.0
2025-04-20T16:15:42,A1207,basic,signup,29.0,NA,False,21,Paid,29.0
2025-05-10T23:44:06,A1207,Basic,upgrade,20.0,NA,False,38,Paid,49.0
2025-06-27T04:04:07,A1207,Basic,upgrade,99.0,NA,False,67,Paid,148.0
2025-07-28T14:02:58,A1207,Basic,cancel,-148.0,,False,60,Paid,0.0
2025-04-26T04:29:02,A1208,Basic,signup,29.0,EU,True,16,Organic,29.0
2025-06-05T11:00:59,A1208,Enterprise,renew,0.0,EU,False,30,Organic,29.0
2025-06-07T19:25:41,A1208,Pro,renew,0.0,EU,False,24,Organic,29.0
2025-06-29T13:13:09,A1208,Pro,cancel,-29.0,EU,False,1,Organic,0.0
2025-07-23T02:00:29,A1208,Enterprise,upgrade,200.0,EU,False,56,Organic,200.0
2025-06-16T05:48:29,A1209,Basic,signup,29.0,NA,True,22,Outbound,29.0
2025-07-27T11:25:14,A1209,Enterprise,renew,0.0,NA,False,72,Outbound,29.0
2025-06-03T15:52:37,A1210,basic,signup,29.0,NA,False,24,Outbound,29.0
2025-06-06T14:45:14,A1210,Basic,renew,0.0,NA,False,75,Outbound,29.0
2025-07-07T19:16:47,A1210,Basic,upgrade,50.0,NA,False,21,Outbound,79.0
2025-07-11T12:52:13,A1210,Basic,downgrade,-50.0,NA,False,65,Outbound,29.0
2025-07-14T11:05:52,A1211,Basic,signup,29.0,NA,False,23,Referral,29.0
2025-07-20T21:03:34,A1211,Basic,renew,0.0,NA,False,56,Referral,29.0
2025-04-01T12:24:25,A1212,Basic,signup,29.0,EU,True,9,Organic,29.0
2025-05-20T17:44:58,A1212,Basic,upgrade,99.0,EU,False,84,Organic,128.0
2025-07-04T13:29:14,A1212,Pro,renew,0.0,EU,False,28,Organic,128.0
2025-04-02T09:03:40,A1213,Pro,signup,99.0,APAC,True,5,Outbound,99.0
2025-04-04T19:59:46,A1213,Pro,upgrade,50.0,APAC,False,97,Outbound,149.0
2025-05-07T02:10:10,A1213,Pro,renew,0.0,APAC,False,46,Outbound,149.0
2025-07-15T00:27:19,A1213,Pro,renew,0.0,APAC,False,78,Outbound,149.0
2025-07-16T19:43:28,A1213,Pro,upgrade,20.0,,False,87,Outbound,169.0
2025-05-14T18:18:49,A1214,Basic,signup,29.0,APAC,False,10,Paid,29.0
2025-05-23T21:42:32,A1214,Pro,cancel,-29.0,APAC,False,50,Paid,0.0
2025-06-21T12:35:19,A1214,Basic,upgrade,20.0,APAC,False,21,Paid,20.0
2025-07-18T12:12:22,A1214,enterprise,cancel,-20.0,APAC,False,82,Paid,0.0
2025-07-18T20:33:42,A1214,Pro,renew,0.0,APAC,False,28,Paid,0.0
2025-04-05T14:11:59,A1215,Pro,signup,99.0,EU,True,6,Outbound,99.0
2025-04-13T18:22:59,A1215,Basic,renew,0.0,EU,False,5,Outbound,99.0
2025-04-20T12:27:14,A1215,Basic,renew,0.0,EU,False,33,Outbound,99.0
2025-06-15T05:29:59,A1215,Basic,downgrade,-99.0,EU,False,11,Outbound,0.0
2025-06-17T03:51:30,A1215,Enterprise,renew,0.0,EU,False,21,Outbound,0.0
2025-05-07T17:14:21,A1216,Basic,signup,29.0,EU,False,2,Organic,29.0
2025-05-26T10:32:25,A1216,Enterprise,upgrade,99.0,EU,False,42,Organic,128.0
2025-05-30T13:46:36,A1216,Pro,renew,0.0,EU,False,18,Organic,128.0
2025-05-29T00:32:36,A1217,pro,signup,99.0,NA,False,16,Organic,99.0
2025-06-02T18:06:58,A1217,Basic,upgrade,200.0,NA,False,72,Organic,299.0
2025-06-27T16:05:08,A1217,Enterprise,upgrade,50.0,NA,False,18,Organic,349.0
2025-07-09T09:28:20,A1217,Enterprise,renew,0.0,NA,False,88,Organic,349.0
2025-07-09T13:53:01,A1217,Enterprise,renew,0.0,NA,False,48,Organic,349.0
2025-07-10T10:53:46,A1218,Pro,signup,99.0,EU,False,9,Organic,99.0
2025-04-30T21:41:18,A1219,Pro,signup,99.0,EU,False,6,Referral,99.0
2025-06-30T00:11:35,A1219,Basic,renew,0.0,EU,False,51,Referral,99.0
2025-06-30T06:41:16,A1219,Pro,upgrade,200.0,EU,False,9,Referral,299.0
2025-07-11T10:07:39,A1219,Pro,downgrade,-99.0,EU,False,51,Referral,200.0
2025-04-04T10:59:45,A1220,Basic,signup,29.0,NA,True,13,Outbound,29.0
2025-05-04T10:42:21,A1220,Basic,upgrade,20.0,NA,False,11,Outbound,49.0
2025-05-21T13:16:53,A1220,Enterprise,upgrade,20.0,NA,False,32,Outbound,69.0
2025-07-25T12:08:59,A1221,Enterprise,signup,499.0,,True,23,Organic,499.0
2025-04-09T20:21:42,A1222,Pro,signup,99.0,APAC,False,15,Paid,99.0
2025-07-01T12:45:23,A1222,Enterprise,renew,0.0,APAC,False,63,Paid,99.0
2025-07-27T14:09:16,A1222,Pro,upgrade,99.0,APAC,False,19,Paid,198.0
2025-05-27T21:27:00,A1223,Pro,signup,99.0,NA,False,14,Organic,99.0
2025-06-21T07:22:55,A1223,Basic,upgrade,20.0,NA,False,57,Organic,119.0
2025-06-21T12:42:13,A1223,Enterprise,downgrade,-20.0,NA,False,81,Organic,99.0
2025-06-27T04:53:08,A1223,Basic,upgrade,99.0,NA,False,76,Organic,198.0
2025-07-18T19:35:46,A1223,Basic,upgrade,50.0,NA,False,66,Organic,248.0
2025-04-05T09:34:11,A1224,Basic,signup,29.0,EU,False,11,Organic,29.0
2025-05-04T12:19:10,A1224,Basic,upgrade,20.0,EU,False,6,Organic,49.0
2025-05-14T19:29:09,A1224,Enterprise,renew,0.0,EU,False,18,Organic,49.0
2025-05-31T05:44:06,A1224,Enterprise,renew,0.0,EU,False,18,Organic,49.0
2025-06-26T11:17:51,A1225,Basic,signup,29.0,NA,False,12,Referral,29.0
2025-04-20T08:15:55,A1226,Enterprise,signup,499.0,APAC,False,12,Organic,499.0
2025-07-21T06:35:28,A1226,Pro,upgrade,50.0,APAC,False,33,Organic,549.0
2025-04-12T11:04:14,A1227,Basic,signup,29.0,APAC,True,16,Outbound,29.0
2025-05-20T04:35:30,A1227,Enterprise,renew,0.0,APAC,False,82,Outbound,29.0
2025-06-09T07:00:50,A1227,Basic,renew,0.0,APAC,False,85,Outbound,29.0
2025-06-25T14:35:59,A1227,Basic,renew,0.0,APAC,False,20,Outbound,29.0
2025-07-23T23:06:43,A1227,Basic,cancel,-29.0,APAC,False,18,Outbound,0.0
2025-04-21T03:37:28,A1228,Pro,signup,99.0,LATAM,False,17,Organic,99.0
2025-05-05T09:56:37,A1228,Basic,renew,0.0,LATAM,False,93,Organic,99.0
2025-07-04T01:10:49,A1228,Enterprise,upgrade,99.0,LATAM,False,82,Organic,198.0
2025-07-06T08:28:25,A1228,Basic,downgrade,-20.0,LATAM,False,86,Organic,178.0
2025-07-18T07:19:11,A1228,Enterprise,upgrade,50.0,LATAM,False,77,Organic,228.0
2025-04-14T05:22:49,A1229,Basic,signup,29.0,NA,False,23,Paid,29.0
2025-05-03T06:39:46,A1229,Enterprise,cancel,-29.0,NA,False,36,Paid,0.0
2025-05-22T21:24:34,A1229,Basic,cancel,-0.0,NA,False,49,Paid,0.0
2025-05-23T07:20:05,A1229,Pro,upgrade,99.0,NA,False,69,Paid,99.0
2025-05-19T13:08:04,A1230,Pro,signup,99.0,EU,False,3,Organic,99.0
2025-06-24T17:40:39,A1230,Pro,upgrade,50.0,EU,False,18,Organic,149.0
2025-04-15T14:06:56,A1231,Basic,signup,29.0,LATAM,False,8,Outbound,29.0
2025-05-28T11:11:31,A1231,Pro,downgrade,-10.0,LATAM,False,84,Outbound,19.0
2025-07-11T08:09:17,A1231,Enterprise,downgrade,-10.0,LATAM,False,3,Outbound,9.0
2025-07-20T00:02:20,A1231,Basic,renew,0.0,LATAM,False,14,Outbound,9.0
2025-04-05T19:56:37,A1232,Basic,signup,29.0,EU,False,20,Outbound,29.0
2025-04-21T00:38:45,A1232,Basic,cancel,-29.0,EU,False,6,Outbound,0.0
2025-06-15T16:14:52,A1232,Basic,renew,0.0,EU,False,16,Outbound,0.0
2025-06-22T07:57:50,A1232,Basic,renew,0.0,EU,False,80,Outbound,0.0
2025-07-08T13:58:16,A1232,Basic,downgrade,-10.0,EU,False,65,Outbound,0.0
2025-04-15T01:00:15,A1233,Basic,signup,29.0,NA,True,19,Organic,29.0
2025-05-01T05:30:08,A1233,Enterprise,downgrade,-50.0,NA,False,55,Organic,0.0
2025-06-17T10:58:36,A1233,Enterprise,renew,0.0,NA,False,56,Organic,0.0
2025-07-07T00:50:51,A1233,Enterprise,upgrade,50.0,NA,False,97,Organic,50.0
2025-07-05T05:58:23,A1234,Enterprise,signup,499.0,APAC,True,2,Paid,499.0
2025-04-19T08:42:15,A1235,Pro,signup,99.0,APAC,False,19,Organic,99.0
2025-06-03T17:47:29,A1235,Pro,renew,0.0,APAC,False,85,Organic,99.0
2025-06-04T23:33:49,A1235,Pro,renew,0.0,APAC,False,64,Organic,99.0
2025-06-16T22:10:32,A1235,Pro,cancel,-99.0,APAC,False,66,Organic,0.0
2025-04-19T18:02:36,A1236,Basic,signup,29.0,APAC,True,1,Outbound,29.0
2025-06-26T11:44:01,A1236,Basic,upgrade,99.0,APAC,False,91,Outbound,128.0
2025-07-25T21:41:13,A1236,Enterprise,upgrade,50.0,APAC,False,40,Outbound,178.0
2025-07-26T16:37:15,A1236,Basic,renew,0.0,APAC,False,26,Outbound,178.0
2025-05-20T08:01:28,A1237,Enterprise,signup,499.0,LATAM,False,8,Paid,499.0
2025-06-25T22:17:49,A1237,Enterprise,cancel,-499.0,LATAM,False,47,Paid,0.0
2025-07-25T02:12:11,A1238,Pro,signup,99.0,LATAM,False,8,Referral,99.0
2025-04-16T19:23:32,A1239,Basic,signup,29.0,LATAM,False,19,Organic,29.0
2025-04-17T22:37:59,A1239,Enterprise,upgrade,50.0,LATAM,False,17,Organic,79.0
2025-05-25T04:49:31,A1239,Enterprise,renew,0.0,LATAM,False,61,Organic,79.0
2025-04-07T04:25:51,A1240,Basic,signup,29.0,EU,False,23,Organic,29.0
2025-05-23T18:56:11,A1240,Pro,renew,0.0,EU,False,6,Organic,29.0
2025-07-17T23:55:09,A1241,Basic,signup,29.0,LATAM,False,9,Referral,29.0
2025-06-04T02:04:31,A1242,Enterprise,signup,499.0,EU,False,9,Referral,499.0
2025-06-05T20:01:37,A1242,Enterprise,upgrade,99.0,EU,False,10,Referral,598.0
2025-06-22T20:09:26,A1242,Basic,upgrade,200.0,EU,False,49,Referral,798.0
2025-07-03T08:10:11,A1242,Enterprise,renew,0.0,EU,False,60,Referral,798.0
2025-07-24T06:13:39,A1242,Pro,renew,0.0,EU,False,50,Referral,798.0
2025-04-27T18:20:28,A1243,Basic,signup,29.0,LATAM,False,20,Referral,29.0
2025-05-16T10:15:17,A1243,Enterprise,cancel,-29.0,LATAM,False,79,Referral,0.0
2025-07-31T10:26:06,A1244,Basic,signup,29.0,LATAM,False,16,Outbound,29.0
2025-05-03T21:05:12,A1245,Basic,signup,29.0,LATAM,False,7,Referral,29.0
2025-05-08T05:29:57,A1245,Basic,renew,0.0,LATAM,False,73,Referral,29.0
2025-05-22T03:53:16,A1245,Basic,downgrade,-50.0,LATAM,False,7,Referral,0.0
2025-07-07T01:22:30,A1245,Pro,renew,0.0,LATAM,False,76,Referral,0.0
2025-07-11T16:13:35,A1246,Pro,signup,99.0,APAC,True,14,Paid,99.0
2025-05-19T16:24:47,A1247,Basic,signup,29.0,LATAM,False,16,Outbound,29.0
2025-07-12T12:35:50,A1247,Basic,renew,0.0,LATAM,False,96,Outbound,29.0
2025-07-20T14:24:47,A1247,Basic,upgrade,200.0,LATAM,False,18,Outbound,229.0
2025-05-05T00:26:47,A1248,Pro,signup,99.0,EU,True,8,Paid,99.0
2025-05-21T16:15:10,A1248,pro,cancel,-99.0,EU,False,59,Paid,0.0
2025-05-22T09:46:02,A1248,Basic,cancel,-0.0,EU,False,64,Paid,0.0
2025-06-30T03:49:50,A1248,Enterprise,cancel,-0.0,EU,False,80,Paid,0.0
2025-06-12T04:59:31,A1249,Pro,signup,99.0,NA,True,7,Organic,99.0
2025-06-20T15:01:00,A1249,Enterprise,downgrade,-50.0,NA,False,39,Organic,49.0
2025-06-24T13:36:21,A1249,Basic,upgrade,200.0,NA,False,22,Organic,249.0
2025-07-18T11:49:07,A1249,Enterprise,downgrade,-50.0,NA,False,82,Organic,199.0
2025-07-27T11:59:49,A1250,Pro,signup,99.0,EU,False,24,Paid,99.0
2025-05-14T02:45:10,A1251,Basic,signup,29.0,APAC,False,21,Organic,29.0
2025-05-22T23:52:12,A1252,Enterprise,signup,499.0,EU,False,24,Organic,499.0
2025-05-29T06:51:24,A1252,Enterprise,upgrade,20.0,EU,False,83,Organic,519.0
2025-06-29T13:16:39,A1252,Enterprise,renew,0.0,EU,False,74,Organic,519.0
2025-07-13T05:55:01,A1252,Pro,upgrade,200.0,EU,False,88,Organic,719.0
2025-06-16T16:21:25,A1253,Pro,signup,99.0,APAC,True,2,Outbound,99.0
2025-04-23T07:25:51,A1254,Pro,signup,99.0,APAC,False,12,Paid,99.0
2025-04-13T17:55:48,A1255,Pro,signup,99.0,EU,True,21,Referral,99.0
2025-04-30T00:53:11,A1255,Pro,upgrade,99.0,EU,False,1,Referral,198.0
2025-04-30T09:15:00,A1255,Pro,cancel,-198.0,EU,False,72,Referral,0.0
2025-04-30T17:08:16,A1255,Basic,renew,0.0,EU,False,14,Referral,0.0
2025-04-05T15:04:41,A1256,Pro,signup,99.0,NA,False,5,Referral,99.0
2025-05-25T14:29:45,A1256,Basic,renew,0.0,NA,False,93,Referral,99.0
2025-06-15T03:18:49,A1256,Basic,upgrade,200.0,NA,False,23,Referral,299.0
2025-06-19T22:29:47,A1256,Basic,cancel,-299.0,NA,False,26,Referral,0.0
2025-04-21T15:28:46,A1257,Pro,signup,99.0,EU,True,11,Outbound,99.0
2025-07-14T03:53:24,A1257,Enterprise,downgrade,-20.0,EU,False,58,Outbound,79.0
2025-07-18T17:43:52,A1257,Basic,cancel,-79.0,EU,False,80,Outbound,0.0
2025-07-22T20:09:09,A1257,Enterprise,upgrade,50.0,EU,False,43,Outbound,50.0
2025-07-26T00:04:09,A1257,Enterprise,upgrade,200.0,EU,False,4,Outbound,250.0
2025-05-16T21:58:15,A1258,Basic,signup,29.0,EU,False,2,Outbound,29.0
2025-06-07T20:48:44,A1258,Pro,cancel,-29.0,EU,False,40,Outbound,0.0
2025-06-13T17:34:44,A1258,Basic,downgrade,-99.0,EU,False,32,Outbound,0.0
2025-07-26T06:39:38,A1258,Pro,upgrade,200.0,EU,False,2,Outbound,200.0
2025-05-01T22:59:29,A1259,Basic,signup,29.0,NA,False,16,Outbound,29.0
2025-05-05T05:07:18,A1259,Basic,renew,0.0,NA,False,39,Outbound,29.0
2025-06-09T11:32:24,A1259,Enterprise,upgrade,200.0,NA,False,10,Outbound,229.0
2025-07-23T14:54:33,A1259,Pro,renew,0.0,NA,False,18,Outbound,229.0
2025-05-06T14:30:44,A1260,pro,signup,99.0,EU,False,14,Referral,99.0
2025-05-08T21:30:44,A1260,Enterprise,renew,0.0,EU,False,24,Referral,99.0
2025-06-09T12:26:09,A1260,Enterprise,cancel,-99.0,EU,False,74,Referral,0.0
2025-04-16T15:35:30,A1261,Basic,signup,29.0,EU,False,18,Outbound,29.0
2025-05-16T19:43:23,A1261,Enterprise,upgrade,50.0,EU,False,29,Outbound,79.0
2025-06-05T09:08:00,A1261,Enterprise,renew,0.0,EU,False,61,Outbound,79.0
2025-06-15T02:40:25,A1261,Basic,renew,0.0,EU,False,59,Outbound,79.0
2025-07-07T08:51:25,A1261,Enterprise,upgrade,20.0,EU,False,58,Outbound,99.0
2025-04-30T00:43:23,A1262,Basic,signup,29.0,NA,False,16,Organic,29.0
2025-05-19T12:21:51,A1262,Basic,upgrade,99.0,NA,False,15,Organic,128.0
2025-05-23T13:40:53,A1262,Basic,upgrade,50.0,NA,False,62,Organic,178.0
2025-07-15T22:31:57,A1262,Pro,upgrade,20.0,NA,False,17,Organic,198.0
2025-07-29T22:17:34,A1263,Pro,signup,99.0,EU,True,22,Paid,99.0
2025-04-17T10:18:33,A1264,Pro,signup,99.0,EU,False,12,Organic,99.0
2025-05-13T15:28:33,A1264,Enterprise,upgrade,99.0,EU,False,20,Organic,198.0
2025-05-15T06:07:33,A1264,Pro,cancel,-198.0,EU,False,34,Organic,0.0
2025-06-25T17:11:03,A1264,Basic,downgrade,-10.0,EU,False,50,Organic,0.0
2025-04-24T17:18:18,A1265,Basic,signup,29.0,EU,False,19,Organic,29.0
2025-06-28T08:31:34,A1265,Pro,cancel,-29.0,EU,False,38,Organic,0.0
2025-06-03T15:24:10,A1266,Basic,signup,29.0,NA,False,24,Referral,29.0
2025-06-24T09:47:15,A1266,Pro,cancel,-29.0,NA,False,11,Referral,0.0
2025-07-18T10:14:09,A1266,Enterprise,downgrade,-50.0,NA,False,54,Referral,0.0
2025-06-14T21:25:29,A1267,Pro,signup,99.0,APAC,False,22,Paid,99.0
2025-07-07T18:11:04,A1267,Basic,renew,0.0,APAC,False,17,Paid,99.0
2025-07-16T16:46:24,A1267,Pro,downgrade,-20.0,APAC,False,84,Paid,79.0
2025-07-30T06:05:38,A1267,pro,renew,0.0,APAC,False,56,Paid,79.0
2025-04-11T09:21:23,A1268,Basic,signup,29.0,NA,False,22,Paid,29.0
2025-04-21T14:16:34,A1269,Basic,signup,29.0,NA,False,22,Outbound,29.0
2025-07-13T04:45:07,A1269,Pro,downgrade,-50.0,NA,False,29,Outbound,0.0
2025-07-15T20:57:29,A1269,Pro,renew,0.0,NA,False,52,Outbound,0.0
2025-05-09T09:49:51,A1270,Basic,signup,29.0,LATAM,False,7,Paid,29.0
2025-05-14T21:35:25,A1270,Pro,renew,0.0,LATAM,False,81,Paid,29.0
2025-04-16T15:52:51,A1271,Basic,signup,29.0,NA,True,13,Outbound,29.0
2025-05-23T03:22:59,A1271,Pro,upgrade,200.0,NA,False,40,Outbound,229.0
2025-05-23T04:02:40,A1271,basic,upgrade,99.0,NA,False,70,Outbound,328.0
2025-06-15T19:27:48,A1271,Pro,cancel,-328.0,NA,False,66,Outbound,0.0
2025-06-29T17:56:03,A1271,Basic,upgrade,50.0,NA,False,25,Outbound,50.0
2025-04-16T20:08:06,A1272,Pro,signup,99.0,NA,False,22,Referral,99.0
2025-06-10T15:26:12,A1272,Basic,renew,0.0,NA,False,98,Referral,99.0
2025-06-16T06:43:54,A1272,Basic,downgrade,-10.0,NA,False,29,Referral,89.0
2025-04-01T23:12:09,A1273,Basic,signup,29.0,EU,True,8,Outbound,29.0
2025-06-18T11:32:25,A1273,Pro,downgrade,-20.0,EU,False,14,Outbound,9.0
2025-07-08T22:20:41,A1273,Pro,upgrade,20.0,EU,False,19,Outbound,29.0
2025-07-10T07:09:34,A1273,Enterprise,cancel,-29.0,EU,False,25,Outbound,0.0
2025-07-26T22:24:38,A1273,Enterprise,cancel,-0.0,EU,False,25,Outbound,0.0
2025-04-14T08:29:35,A1274,Pro,signup,99.0,LATAM,False,10,Outbound,99.0
2025-05-31T00:46:10,A1274,Pro,cancel,-99.0,LATAM,False,47,Outbound,0.0
2025-07-09T07:31:02,A1274,Pro,renew,0.0,LATAM,False,89,Outbound,0.0
2025-07-13T01:02:27,A1274,Basic,cancel,-0.0,LATAM,False,17,Outbound,0.0
2025-07-23T15:36:17,A1274,Pro,upgrade,99.0,LATAM,False,50,Outbound,99.0
2025-05-04T07:49:41,A1275,Pro,signup,99.0,APAC,True,6,Outbound,99.0
2025-06-21T16:05:59,A1275,Basic,upgrade,99.0,APAC,False,98,Outbound,198.0
2025-07-26T03:08:55,A1275,Pro,renew,0.0,APAC,False,77,Outbound,198.0
2025-04-23T03:54:36,A1276,Basic,signup,29.0,LATAM,True,24,Paid,29.0
2025-04-26T19:47:01,A1276,Enterprise,cancel,-29.0,LATAM,False,4,Paid,0.0
2025-05-07T22:48:37,A1276,Enterprise,cancel,-0.0,LATAM,False,98,Paid,0.0
2025-07-05T04:00:39,A1276,Pro,upgrade,99.0,LATAM,False,46,Paid,99.0
2025-07-29T21:50:30,A1276,Pro,cancel,-99.0,LATAM,False,28,Paid,0.0
2025-04-16T13:36:01,A1277,Pro,signup,99.0,EU,False,21,Organic,99.0
2025-05-07T04:37:06,A1277,Pro,upgrade,200.0,EU,False,23,Organic,299.0
2025-06-05T23:00:04,A1278,Basic,signup,29.0,EU,True,16,Referral,29.0
2025-05-01T07:04:52,A1279,Basic,signup,29.0,LATAM,True,7,Organic,29.0
2025-05-03T09:30:39,A1279,Enterprise,upgrade,99.0,LATAM,False,23,Organic,128.0
2025-05-14T04:28:07,A1279,Enterprise,downgrade,-99.0,LATAM,False,3,Organic,29.0
2025-06-29T13:54:21,A1279,Enterprise,renew,0.0,LATAM,False,75,Organic,29.0
2025-07-18T15:23:16,A1279,Enterprise,cancel,-29.0,LATAM,False,47,Organic,0.0
2025-04-29T07:57:49,A1280,Pro,signup,99.0,APAC,False,17,Paid,99.0
2025-05-05T19:14:52,A1280,Basic,renew,0.0,APAC,False,20,Paid,99.0
2025-05-06T09:26:01,A1280,Basic,upgrade,20.0,APAC,False,77,Paid,119.0
2025-05-23T14:57:19,A1280,Enterprise,renew,0.0,APAC,False,36,Paid,119.0
2025-07-14T21:16:03,A1280,Enterprise,downgrade,-10.0,APAC,False,98,Paid,109.0
2025-05-17T10:26:06,A1281,Basic,signup,29.0,NA,True,10,Paid,29.0
2025-06-13T07:33:41,A1281,Pro,downgrade,-10.0,NA,False,98,Paid,19.0
2025-04-05T06:48:17,A1282,Basic,signup,29.0,EU,False,15,Outbound,29.0
2025-04-27T05:37:12,A1282,Pro,renew,0.0,EU,False,64,Outbound,29.0
2025-07-12T22:40:06,A1282,Pro,upgrade,200.0,EU,False,18,Outbound,229.0
2025-04-01T10:56:31,A1283,Basic,signup,29.0,LATAM,False,10,Organic,29.0
2025-06-11T14:57:21,A1283,Basic,cancel,-29.0,LATAM,False,1,Organic,0.0
2025-07-08T00:59:50,A1283,Basic,upgrade,20.0,LATAM,False,15,Organic,20.0
2025-04-15T19:12:46,A1284,Basic,signup,29.0,LATAM,False,17,Organic,29.0
2025-05-31T09:37:07,A1284,Pro,downgrade,-50.0,LATAM,False,63,Organic,0.0
2025-06-08T14:14:44,A1284,Basic,renew,0.0,LATAM,False,73,Organic,0.0
2025-04-05T08:05:49,A1285,Basic,signup,29.0,NA,False,20,Organic,29.0
2025-06-26T01:10:29,A1285,Basic,upgrade,20.0,NA,False,33,Organic,49.0
2025-07-06T02:47:17,A1285,Pro,renew,0.0,NA,False,17,Organic,49.0
2025-07-08T02:50:47,A1285,Basic,upgrade,20.0,NA,False,69,Organic,69.0
2025-07-08T23:53:05,A1285,Pro,renew,0.0,NA,False,32,Organic,69.0
2025-05-20T09:20:09,A1286,Pro,signup,99.0,LATAM,False,14,Referral,99.0
2025-06-25T20:53:19,A1286,Enterprise,renew,0.0,LATAM,False,58,Referral,99.0
2025-07-02T11:12:17,A1286,Pro,renew,0.0,LATAM,False,84,Referral,99.0
2025-05-29T02:52:03,A1287,Basic,signup,29.0,EU,True,9,Outbound,29.0
2025-07-31T12:49:17,A1287,Basic,upgrade,200.0,EU,False,48,Outbound,229.0
2025-04-16T13:01:31,A1288,Enterprise,signup,499.0,EU,False,23,Outbound,499.0
2025-05-11T15:31:29,A1288,Basic,renew,0.0,EU,False,82,Outbound,499.0
2025-06-19T03:20:44,A1288,Enterprise,renew,0.0,EU,False,49,Outbound,499.0
2025-07-22T02:55:31,A1288,Pro,upgrade,20.0,EU,False,47,Outbound,519.0
2025-07-23T21:54:49,A1288,Enterprise,renew,0.0,EU,False,35,Outbound,519.0
2025-04-19T09:10:38,A1289,Basic,signup,29.0,APAC,False,20,Outbound,29.0
2025-04-23T17:58:04,A1289,Pro,renew,0.0,APAC,False,53,Outbound,29.0
2025-06-24T08:32:29,A1289,Basic,downgrade,-10.0,APAC,False,96,Outbound,19.0
2025-06-16T18:56:07,A1290,Enterprise,signup,499.0,LATAM,False,21,Organic,499.0
2025-07-22T08:28:36,A1290,Basic,cancel,-499.0,LATAM,False,6,Organic,0.0
2025-06-14T09:52:05,A1291,Basic,signup,29.0,LATAM,False,6,Referral,29.0
2025-07-05T07:22:23,A1291,Basic,upgrade,200.0,LATAM,False,55,Referral,229.0
2025-04-12T20:56:48,A1292,Basic,signup,29.0,APAC,False,20,Referral,29.0
2025-07-15T16:55:58,A1292,Pro,upgrade,99.0,APAC,False,21,Referral,128.0
2025-05-01T07:36:21,A1293,Basic,signup,29.0,APAC,False,10,Organic,29.0
2025-06-06T08:37:19,A1293,Basic,downgrade,-10.0,APAC,False,98,Organic,19.0
2025-06-20T02:53:21,A1293,Enterprise,upgrade,200.0,APAC,False,68,Organic,219.0
2025-04-27T06:00:30,A1294,Basic,signup,29.0,APAC,True,14,Organic,29.0
2025-05-21T02:02:03,A1294,Enterprise,renew,0.0,APAC,False,34,Organic,29.0
2025-05-25T08:39:21,A1294,Pro,renew,0.0,APAC,False,5,Organic,29.0
2025-06-13T00:20:40,A1294,Enterprise,renew,0.0,APAC,False,30,Organic,29.0
2025-06-28T23:27:00,A1294,basic,renew,0.0,APAC,False,99,Organic,29.0
2025-04-15T16:20:12,A1295,Pro,signup,99.0,APAC,False,12,Organic,99.0
2025-05-05T07:56:50,A1295,Enterprise,renew,0.0,APAC,False,87,Organic,99.0
2025-06-18T12:40:56,A1295,Enterprise,upgrade,50.0,APAC,False,55,Organic,149.0
2025-07-21T11:46:06,A1295,Pro,renew,0.0,APAC,False,63,Organic,149.0
2025-07-30T06:52:52,A1295,Basic,renew,0.0,APAC,False,81,Organic,149.0
2025-04-04T22:29:59,A1296,Pro,signup,99.0,LATAM,False,20,Organic,99.0
2025-06-25T06:13:53,A1296,enterprise,cancel,-99.0,LATAM,False,3,Organic,0.0
2025-05-17T13:53:34,A1297,Basic,signup,29.0,EU,False,3,Outbound,29.0
2025-06-15T18:51:43,A1297,Pro,upgrade,200.0,EU,False,92,Outbound,229.0
2025-07-13T04:52:14,A1297,Pro,upgrade,20.0,EU,False,34,Outbound,249.0
2025-07-30T08:22:53,A1297,Basic,upgrade,99.0,EU,False,68,Outbound,348.0
2025-04-04T09:12:39,A1298,Basic,signup,29.0,LATAM,False,5,Outbound,29.0
2025-04-29T09:19:56,A1298,Pro,renew,0.0,LATAM,False,10,Outbound,29.0
2025-04-26T22:58:27,A1299,Basic,signup,29.0,EU,True,16,Outbound,29.0
2025-04-08T08:33:04,A1300,Pro,signup,99.0,NA,False,4,Organic,99.0
2025-04-16T15:53:21,A1300,Pro,upgrade,200.0,NA,False,84,Organic,299.0
2025-04-20T20:00:20,A1300,Enterprise,upgrade,99.0,NA,False,61,Organic,398.0
2025-06-16T10:23:02,A1300,Basic,renew,0.0,NA,False,72,Organic,398.0
2025-06-30T23:45:19,A1300,Enterprise,upgrade,50.0,NA,False,83,Organic,448.0
2025-04-29T18:53:50,A1301,Pro,signup,99.0,APAC,True,14,Referral,99.0
2025-04-30T21:44:41,A1301,Basic,upgrade,50.0,APAC,False,61,Referral,149.0
2025-06-15T04:45:23,A1302,Basic,signup,29.0,EU,True,1,Organic,29.0
2025-07-25T00:12:56,A1302,Basic,cancel,-29.0,EU,False,38,Organic,0.0
2025-04-11T03:00:00,A1303,Basic,signup,29.0,NA,True,24,Organic,29.0
2025-07-06T16:30:38,A1303,Basic,upgrade,20.0,NA,False,65,Organic,49.0
2025-04-01T05:02:27,A1304,Basic,signup,29.0,LATAM,False,3,Referral,29.0
2025-05-13T17:55:45,A1304,Enterprise,downgrade,-10.0,LATAM,False,38,Referral,19.0
2025-05-19T21:21:08,A1305,Pro,signup,99.0,LATAM,False,17,Paid,99.0
2025-05-08T08:39:23,A1306,Pro,signup,99.0,EU,False,5,Organic,99.0
2025-06-28T14:01:54,A1306,Pro,downgrade,-10.0,EU,False,52,Organic,89.0
2025-07-25T00:11:59,A1306,Basic,renew,0.0,EU,False,44,Organic,89.0
2025-07-27T01:23:32,A1306,Enterprise,renew,0.0,EU,False,62,Organic,89.0
2025-04-23T09:00:42,A1307,Basic,signup,29.0,NA,False,19,Referral,29.0
2025-05-27T16:05:47,A1307,Basic,renew,0.0,NA,False,97,Referral,29.0
2025-05-31T00:25:03,A1307,Basic,renew,0.0,NA,False,52,Referral,29.0
2025-06-17T16:37:41,A1307,Basic,upgrade,99.0,NA,False,41,Referral,128.0
2025-06-27T08:46:06,A1307,Basic,upgrade,50.0,NA,False,69,Referral,178.0
2025-04-03T02:10:42,A1308,Pro,signup,99.0,LATAM,False,19,Organic,99.0
2025-04-15T12:19:27,A1308,Basic,upgrade,200.0,LATAM,False,17,Organic,299.0
2025-04-18T08:08:04,A1308,Pro,upgrade,50.0,LATAM,False,43,Organic,349.0
2025-05-23T06:15:20,A1308,Basic,renew,0.0,LATAM,False,36,Organic,349.0
2025-07-21T16:51:15,A1308,Pro,upgrade,99.0,LATAM,False,94,Organic,448.0
2025-06-04T15:03:41,A1309,Enterprise,signup,499.0,NA,False,15,Referral,499.0
2025-05-09T23:28:45,A1310,Pro,signup,99.0,EU,False,14,Paid,99.0
2025-05-20T02:02:30,A1310,Basic,renew,0.0,EU,False,54,Paid,99.0
2025-06-03T11:51:53,A1310,Basic,upgrade,50.0,EU,False,90,Paid,149.0
2025-07-22T01:39:03,A1310,Basic,cancel,-149.0,EU,False,37,Paid,0.0
2025-07-28T23:25:40,A1310,Basic,upgrade,99.0,EU,False,60,Paid,99.0
2025-05-06T23:45:32,A1311,Pro,signup,99.0,LATAM,True,13,Organic,99.0
2025-05-27T01:23:00,A1311,Pro,renew,0.0,LATAM,False,87,Organic,99.0
2025-07-16T03:36:23,A1311,Enterprise,cancel,-99.0,LATAM,False,68,Organic,0.0
2025-07-21T13:14:06,A1311,Pro,downgrade,-10.0,LATAM,False,94,Organic,0.0
2025-04-27T02:09:40,A1312,Basic,signup,29.0,NA,True,19,Referral,29.0
2025-05-05T06:41:54,A1312,Enterprise,upgrade,20.0,NA,False,5,Referral,49.0
2025-05-12T01:22:42,A1312,Enterprise,renew,0.0,NA,False,61,Referral,49.0
2025-05-14T00:30:55,A1312,Basic,renew,0.0,NA,False,15,Referral,49.0
2025-04-13T13:57:54,A1313,Basic,signup,29.0,LATAM,False,21,Paid,29.0
2025-05-07T16:00:51,A1313,Enterprise,downgrade,-20.0,LATAM,False,58,Paid,9.0
2025-07-09T16:38:16,A1313,Pro,renew,0.0,LATAM,False,29,Paid,9.0
2025-06-02T13:36:29,A1314,Pro,signup,99.0,EU,False,24,Organic,99.0
2025-06-18T05:09:19,A1314,Pro,downgrade,-20.0,EU,False,17,Organic,79.0
2025-04-20T06:09:41,A1315,Pro,signup,99.0,NA,True,13,Referral,99.0
2025-04-23T14:44:36,A1315,Pro,upgrade,50.0,NA,False,37,Referral,149.0
2025-04-26T12:01:29,A1315,Enterprise,cancel,-149.0,NA,False,91,Referral,0.0
2025-06-06T14:01:53,A1315,Pro,renew,0.0,NA,False,32,Referral,0.0
2025-07-09T06:17:51,A1315,Enterprise,downgrade,-50.0,NA,False,19,Referral,0.0
2025-04-07T09:49:55,A1316,Enterprise,signup,499.0,LATAM,False,15,Organic,499.0
2025-06-09T14:19:24,A1316,Basic,renew,0.0,LATAM,False,86,Organic,499.0
2025-06-18T05:35:03,A1316,Pro,renew,0.0,LATAM,False,69,Organic,499.0
2025-07-08T20:39:22,A1317,Pro,signup,99.0,EU,False,18,Referral,99.0
2025-07-12T16:38:24,A1317,Basic,downgrade,-10.0,EU,False,87,Referral,89.0
2025-04-30T13:07:07,A1318,Basic,signup,29.0,EU,True,20,Outbound,29.0
2025-05-01T13:20:54,A1319,Enterprise,signup,499.0,LATAM,False,23,Outbound,499.0
2025-05-21T22:54:55,A1320,Basic,signup,29.0,EU,False,15,Outbound,29.0
2025-04-04T17:02:18,A1321,basic,signup,29.0,EU,True,6,Paid,29.0
2025-05-28T10:12:09,A1321,Enterprise,renew,0.0,EU,False,82,Paid,29.0
2025-06-19T01:20:14,A1321,Enterprise,cancel,-29.0,EU,False,79,Paid,0.0
2025-07-03T07:16:41,A1321,Enterprise,cancel,-0.0,EU,False,45,Paid,0.0
2025-07-22T05:45:38,A1321,Basic,renew,0.0,EU,False,51,Paid,0.0
2025-04-15T13:22:02,A1322,Pro,signup,99.0,NA,True,13,Organic,99.0
2025-05-04T12:22:50,A1322,Pro,renew,0.0,NA,False,22,Organic,99.0
2025-06-06T08:24:37,A1322,Enterprise,upgrade,20.0,NA,False,10,Organic,119.0
2025-07-30T02:45:36,A1322,Enterprise,renew,0.0,NA,False,85,Organic,119.0
2025-06-01T05:55:09,A1323,Basic,signup,29.0,APAC,False,18,Paid,29.0
2025-06-16T11:29:46,A1323,Enterprise,cancel,-29.0,APAC,False,56,Paid,0.0
2025-04-01T01:02:20,A1324,Basic,signup,29.0,EU,False,2,Outbound,29.0
2025-05-14T01:19:42,A1324,Enterprise,downgrade,-50.0,EU,False,23,Outbound,0.0
2025-06-07T19:32:40,A1324,Basic,renew,0.0,EU,False,84,Outbound,0.0
2025-07-05T02:54:02,A1324,Basic,downgrade,-20.0,EU,False,10,Outbound,0.0
2025-07-20T13:49:12,A1324,Pro,upgrade,200.0,EU,False,48,Outbound,200.0
2025-04-06T04:43:55,A1325,Basic,signup,29.0,EU,False,19,Outbound,29.0
2025-04-22T06:38:20,A1325,Basic,cancel,-29.0,EU,False,28,Outbound,0.0
2025-06-19T16:44:05,A1325,Pro,upgrade,99.0,EU,False,40,Outbound,99.0
2025-04-19T08:35:53,A1326,Basic,signup,29.0,EU,True,20,Organic,29.0
2025-05-25T10:59:31,A1326,Enterprise,downgrade,-99.0,EU,False,30,Organic,0.0
2025-04-02T01:52:47,A1327,Pro,signup,99.0,EU,True,13,Outbound,99.0
2025-07-10T06:07:14,A1327,Basic,upgrade,200.0,EU,False,42,Outbound,299.0
2025-07-20T14:37:41,A1327,Enterprise,renew,0.0,EU,False,15,Outbound,299.0
2025-05-19T06:56:02,A1328,Pro,signup,99.0,LATAM,True,22,Outbound,99.0
2025-04-05T07:00:31,A1329,Basic,signup,29.0,EU,False,3,Referral,29.0
2025-05-25T13:12:46,A1329,Pro,upgrade,99.0,EU,False,61,Referral,128.0
2025-07-26T18:21:32,A1330,Basic,signup,29.0,NA,False,9,Organic,29.0
2025-06-05T23:41:30,A1331,Basic,signup,29.0,LATAM,False,5,Outbound,29.0
2025-06-21T16:55:01,A1331,Pro,cancel,-29.0,LATAM,False,98,Outbound,0.0
2025-06-24T05:56:34,A1331,Basic,upgrade,200.0,LATAM,False,8,Outbound,200.0
2025-06-27T04:54:41,A1331,Basic,renew,0.0,LATAM,False,61,Outbound,200.0
2025-07-03T19:58:37,A1331,Enterprise,renew,0.0,LATAM,False,23,Outbound,200.0
2025-04-03T13:59:14,A1332,Pro,signup,99.0,APAC,False,19,Outbound,99.0
2025-05-25T23:37:21,A1332,Basic,renew,0.0,APAC,False,56,Outbound,99.0
2025-06-16T23:11:28,A1332,Pro,cancel,-99.0,APAC,False,77,Outbound,0.0
2025-07-23T17:22:07,A1332,Pro,upgrade,200.0,APAC,False,99,Outbound,200.0
2025-04-03T17:15:57,A1333,Pro,signup,99.0,NA,False,2,Organic,99.0
2025-04-10T05:36:28,A1333,Pro,renew,0.0,NA,False,90,Organic,99.0
2025-07-13T09:22:53,A1333,Basic,downgrade,-20.0,NA,False,66,Organic,79.0
2025-04-16T14:37:28,A1334,Pro,signup,99.0,APAC,False,23,Paid,99.0
2025-05-08T10:09:21,A1334,Basic,downgrade,-50.0,APAC,False,90,Paid,49.0
2025-05-10T10:23:19,A1334,Pro,downgrade,-99.0,APAC,False,93,Paid,0.0
2025-06-30T19:19:37,A1334,Basic,upgrade,50.0,APAC,False,63,Paid,50.0
2025-07-14T20:13:17,A1334,Enterprise,renew,0.0,APAC,False,77,Paid,50.0
2025-05-23T21:50:52,A1335,Basic,signup,29.0,EU,True,17,Paid,29.0
2025-07-02T02:37:34,A1335,Pro,upgrade,200.0,EU,False,96,Paid,229.0
2025-04-02T11:58:49,A1336,Basic,signup,29.0,EU,False,6,Outbound,29.0
2025-04-14T14:55:54,A1336,Basic,renew,0.0,EU,False,52,Outbound,29.0
2025-05-18T06:57:42,A1336,Enterprise,upgrade,99.0,EU,False,44,Outbound,128.0
2025-06-15T11:17:20,A1336,Basic,renew,0.0,EU,False,15,Outbound,128.0
2025-07-15T01:22:16,A1336,Basic,upgrade,99.0,EU,False,42,Outbound,227.0
2025-04-11T08:40:03,A1337,Basic,signup,29.0,EU,False,3,Referral,29.0
2025-05-27T08:28:28,A1338,Basic,signup,29.0,EU,True,20,Organic,29.0
2025-05-29T22:41:57,A1338,Pro,upgrade,99.0,EU,False,67,Organic,128.0
2025-06-14T20:12:30,A1338,Enterprise,renew,0.0,EU,False,47,Organic,128.0
2025-07-27T12:20:07,A1338,Basic,cancel,-128.0,EU,False,12,Organic,0.0
2025-05-01T02:49:47,A1339,Basic,signup,29.0,APAC,True,5,Outbound,29.0
2025-05-16T13:54:39,A1339,Basic,cancel,-29.0,APAC,False,21,Outbound,0.0
2025-07-09T02:51:17,A1339,Basic,cancel,-0.0,APAC,False,17,Outbound,0.0
2025-07-26T05:37:42,A1339,Enterprise,renew,0.0,APAC,False,52,Outbound,0.0
2025-04-08T16:39:55,A1340,Pro,signup,99.0,APAC,False,23,Outbound,99.0
2025-05-09T11:27:13,A1340,Basic,renew,0.0,APAC,False,93,Outbound,99.0
2025-06-06T21:29:08,A1340,Pro,downgrade,-10.0,APAC,False,57,Outbound,89.0
2025-06-09T18:40:24,A1341,Pro,signup,99.0,EU,False,9,Referral,99.0
2025-06-11T14:23:14,A1341,Basic,upgrade,99.0,EU,False,89,Referral,198.0
2025-07-11T09:14:42,A1341,Basic,upgrade,20.0,EU,False,21,Referral,218.0
2025-04-15T17:09:04,A1342,Pro,signup,99.0,EU,False,16,Paid,99.0
2025-04-26T15:13:54,A1342,Enterprise,upgrade,99.0,EU,False,34,Paid,198.0
2025-05-15T12:22:57,A1342,Basic,cancel,-198.0,EU,False,97,Paid,0.0
2025-05-20T04:28:50,A1342,Basic,renew,0.0,EU,False,25,Paid,0.0
2025-06-26T13:05:00,A1342,Basic,upgrade,20.0,EU,False,64,Paid,20.0
2025-04-28T01:31:56,A1343,Basic,signup,29.0,APAC,False,12,Paid,29.0
2025-06-23T15:17:33,A1343,Basic,renew,0.0,APAC,False,45,Paid,29.0
2025-06-22T01:52:42,A1344,Pro,signup,99.0,APAC,False,14,Paid,99.0
2025-07-08T17:12:26,A1344,Basic,cancel,-99.0,APAC,False,49,Paid,0.0
2025-07-19T10:03:23,A1344,Enterprise,renew,0.0,APAC,False,22,Paid,0.0
2025-05-11T23:02:04,A1345,Pro,signup,99.0,APAC,False,24,Referral,99.0
2025-06-05T08:29:10,A1345,Enterprise,cancel,-99.0,APAC,False,8,Referral,0.0
2025-05-10T05:19:55,A1346,Enterprise,signup,499.0,LATAM,False,17,Outbound,499.0
2025-06-18T18:25:54,A1346,Basic,upgrade,20.0,LATAM,False,31,Outbound,519.0
2025-06-30T03:33:34,A1346,Basic,renew,0.0,LATAM,False,35,Outbound,519.0
2025-07-30T13:36:19,A1346,Pro,cancel,-519.0,LATAM,False,72,Outbound,0.0
2025-05-18T07:23:46,A1347,Basic,signup,29.0,NA,True,20,Paid,29.0
2025-06-02T04:20:53,A1347,Basic,downgrade,-50.0,NA,False,90,Paid,0.0
2025-06-16T04:00:24,A1347,Enterprise,renew,0.0,NA,False,74,Paid,0.0
2025-06-26T11:17:04,A1347,Basic,upgrade,200.0,NA,False,18,Paid,200.0
2025-07-10T18:28:11,A1347,Enterprise,cancel,-200.0,NA,False,86,Paid,0.0
2025-04-28T11:24:05,A1348,Basic,signup,29.0,LATAM,True,5,Paid,29.0
2025-06-01T02:32:30,A1348,Basic,cancel,-29.0,LATAM,False,71,Paid,0.0
2025-06-24T17:06:42,A1348,Enterprise,renew,0.0,LATAM,False,94,Paid,0.0
2025-07-16T05:13:51,A1348,Enterprise,upgrade,200.0,LATAM,False,83,Paid,200.0
2025-06-18T10:54:06,A1349,Basic,signup,29.0,LATAM,True,2,Referral,29.0
2025-07-25T13:52:28,A1349,Enterprise,renew,0.0,LATAM,False,39,Referral,29.0
2025-07-29T07:14:02,A1349,Enterprise,upgrade,20.0,LATAM,False,28,Referral,49.0
2025-07-31T00:21:17,A1349,Basic,downgrade,-20.0,,False,85,Referral,29.0
2025-04-05T16:28:10,A1350,Pro,signup,99.0,LATAM,False,2,Organic,99.0
2025-05-24T12:03:00,A1350,Enterprise,upgrade,50.0,LATAM,False,36,Organic,149.0
2025-07-26T23:17:06,A1350,Basic,renew,0.0,LATAM,False,27,Organic,149.0
2025-04-30T02:59:14,A1351,Basic,signup,29.0,EU,True,16,Outbound,29.0
2025-06-29T08:00:55,A1351,Enterprise,upgrade,99.0,EU,False,8,Outbound,128.0
2025-04-29T07:29:39,A1352,Basic,signup,29.0,EU,False,15,Organic,29.0
2025-04-12T05:29:01,A1353,Pro,signup,99.0,LATAM,False,11,Organic,99.0
2025-05-15T18:48:41,A1353,Basic,cancel,-99.0,LATAM,False,49,Organic,0.0
2025-04-27T16:30:34,A1354,Pro,signup,99.0,APAC,False,11,Referral,99.0
2025-05-09T01:55:38,A1354,Enterprise,renew,0.0,APAC,False,42,Referral,99.0
2025-05-12T10:57:58,A1354,enterprise,renew,0.0,APAC,False,30,Referral,99.0
2025-06-04T21:38:11,A1355,Basic,signup,29.0,EU,True,15,Paid,29.0
2025-04-09T06:56:25,A1356,Basic,signup,29.0,NA,False,2,Outbound,29.0
2025-06-11T09:29:07,A1356,Pro,renew,0.0,NA,False,60,Outbound,29.0
2025-06-13T04:01:50,A1356,Enterprise,cancel,-29.0,NA,False,25,Outbound,0.0
2025-07-06T07:54:13,A1356,Pro,renew,0.0,NA,False,61,Outbound,0.0
2025-07-28T16:42:39,A1356,Enterprise,cancel,-0.0,NA,False,60,Outbound,0.0
2025-05-11T14:58:57,A1357,Pro,signup,99.0,APAC,False,7,Paid,99.0
2025-04-17T10:47:39,A1358,Pro,signup,99.0,APAC,False,4,Organic,99.0
2025-06-02T20:00:52,A1358,Basic,upgrade,20.0,APAC,False,2,Organic,119.0
2025-06-04T11:50:43,A1358,Pro,upgrade,200.0,APAC,False,72,Organic,319.0
2025-06-22T03:22:02,A1358,Enterprise,downgrade,-20.0,APAC,False,13,Organic,299.0
2025-07-26T10:06:02,A1358,Pro,upgrade,20.0,APAC,False,69,Organic,319.0
2025-04-06T15:07:06,A1359,Pro,signup,99.0,APAC,False,22,Paid,99.0
2025-05-10T15:50:11,A1359,basic,cancel,-99.0,APAC,False,12,Paid,0.0
2025-05-25T08:38:58,A1360,Basic,signup,29.0,LATAM,False,16,Outbound,29.0
2025-06-09T17:18:41,A1360,Basic,renew,0.0,LATAM,False,86,Outbound,29.0
2025-07-05T11:05:02,A1360,Pro,upgrade,20.0,LATAM,False,29,Outbound,49.0
2025-07-12T00:13:01,A1360,Pro,renew,0.0,LATAM,False,67,Outbound,49.0
2025-07-22T07:10:27,A1360,Enterprise,upgrade,50.0,LATAM,False,52,Outbound,99.0
2025-05-03T11:27:47,A1361,Enterprise,signup,499.0,NA,False,5,Organic,499.0
2025-04-25T09:17:35,A1362,Pro,signup,99.0,EU,False,16,Outbound,99.0
2025-05-03T16:46:21,A1362,Enterprise,renew,0.0,EU,False,50,Outbound,99.0
2025-05-09T18:41:12,A1362,Basic,upgrade,20.0,EU,False,37,Outbound,119.0
2025-05-09T22:37:51,A1362,Basic,downgrade,-99.0,EU,False,64,Outbound,20.0
2025-05-16T19:16:18,A1362,Pro,renew,0.0,EU,False,20,Outbound,20.0
2025-04-09T04:00:17,A1363,Pro,signup,99.0,LATAM,False,12,Paid,99.0
2025-07-28T00:37:26,A1363,Enterprise,upgrade,50.0,LATAM,False,46,Paid,149.0
2025-04-06T00:41:21,A1364,Pro,signup,99.0,LATAM,False,6,Organic,99.0
2025-05-21T07:17:42,A1364,Basic,cancel,-99.0,LATAM,False,15,Organic,0.0
2025-05-23T22:10:58,A1364,Pro,upgrade,200.0,LATAM,False,62,Organic,200.0
2025-05-30T21:46:10,A1364,Basic,renew,0.0,LATAM,False,29,Organic,200.0
2025-07-17T13:34:58,A1364,Enterprise,cancel,-200.0,LATAM,False,74,Organic,0.0
2025-06-27T22:45:51,A1365,Pro,signup,99.0,NA,False,7,Organic,99.0
2025-04-01T06:28:53,A1366,Enterprise,signup,499.0,EU,False,13,Outbound,499.0
2025-04-04T14:02:41,A1366,Pro,renew,0.0,EU,False,33,Outbound,499.0
2025-04-27T10:33:21,A1366,Basic,upgrade,200.0,EU,False,77,Outbound,699.0
2025-05-28T03:05:31,A1366,Basic,upgrade,99.0,EU,False,95,Outbound,798.0
2025-07-17T19:43:08,A1366,Basic,upgrade,20.0,EU,False,65,Outbound,818.0
2025-05-27T06:14:21,A1367,Pro,signup,99.0,EU,True,3,Organic,99.0
2025-07-08T13:48:17,A1367,Basic,renew,0.0,EU,False,5,Organic,99.0
2025-05-29T14:07:05,A1368,Pro,signup,99.0,LATAM,False,17,Paid,99.0
2025-07-31T15:11:50,A1368,pro,upgrade,50.0,LATAM,False,30,Paid,149.0
2025-06-04T14:18:27,A1369,Basic,signup,29.0,NA,False,4,Organic,29.0
2025-06-11T19:05:58,A1369,Basic,cancel,-29.0,NA,False,56,Organic,0.0
2025-04-09T22:35:59,A1370,Basic,signup,29.0,EU,True,4,Referral,29.0
2025-05-10T13:46:01,A1370,Enterprise,renew,0.0,EU,False,2,Referral,29.0
2025-05-23T17:59:42,A1370,Basic,renew,0.0,EU,False,25,Referral,29.0
2025-05-25T10:55:40,A1370,Pro,downgrade,-99.0,EU,False,91,Referral,0.0
2025-07-28T10:24:54,A1370,Pro,downgrade,-10.0,,False,72,Referral,0.0
2025-05-06T07:54:55,A1371,Pro,signup,99.0,NA,False,21,Organic,99.0
2025-05-29T10:25:09,A1371,Enterprise,upgrade,20.0,NA,False,59,Organic,119.0
2025-07-17T01:29:14,A1371,Basic,renew,0.0,NA,False,83,Organic,119.0
2025-04-25T15:35:09,A1372,Pro,signup,99.0,APAC,False,15,Organic,99.0
2025-04-08T07:26:51,A1373,Pro,signup,99.0,EU,False,13,Paid,99.0
2025-04-24T17:08:32,A1373,Basic,renew,0.0,EU,False,24,Paid,99.0
2025-05-03T21:15:51,A1373,Pro,downgrade,-10.0,EU,False,95,Paid,89.0
2025-06-12T16:42:03,A1373,Pro,renew,0.0,EU,False,48,Paid,89.0
2025-04-13T10:14:04,A1374,Pro,signup,99.0,LATAM,True,4,Referral,99.0
2025-04-25T01:18:34,A1374,Enterprise,cancel,-99.0,LATAM,False,20,Referral,0.0
2025-06-16T05:38:27,A1374,Pro,renew,0.0,LATAM,False,50,Referral,0.0
2025-06-20T19:19:39,A1374,Basic,cancel,-0.0,LATAM,False,30,Referral,0.0
2025-07-08T13:15:18,A1374,Basic,renew,0.0,LATAM,False,91,Referral,0.0
2025-04-07T18:25:24,A1375,Pro,signup,99.0,LATAM,False,9,Outbound,99.0
2025-05-23T18:22:08,A1375,Enterprise,downgrade,-99.0,LATAM,False,76,Outbound,0.0
2025-04-07T02:53:56,A1376,Pro,signup,99.0,NA,False,6,Paid,99.0
2025-04-07T13:19:04,A1376,Pro,cancel,-99.0,NA,False,46,Paid,0.0
2025-05-31T11:51:07,A1376,Basic,cancel,-0.0,NA,False,49,Paid,0.0
2025-06-06T00:15:26,A1376,Basic,upgrade,200.0,NA,False,73,Paid,200.0
2025-04-09T09:04:28,A1377,Pro,signup,99.0,EU,False,2,Organic,99.0
2025-04-21T06:09:16,A1377,Basic,cancel,-99.0,EU,False,98,Organic,0.0
2025-07-14T00:29:15,A1377,Enterprise,upgrade,50.0,EU,False,71,Organic,50.0
2025-05-01T15:06:20,A1378,Pro,signup,99.0,LATAM,False,13,Organic,99.0
2025-07-26T05:45:18,A1378,Basic,cancel,-99.0,LATAM,False,72,Organic,0.0
2025-07-30T03:10:09,A1378,Enterprise,renew,0.0,LATAM,False,46,Organic,0.0
2025-05-20T20:29:38,A1379,Pro,signup,99.0,APAC,False,13,Outbound,99.0
2025-05-23T17:32:30,A1379,Enterprise,cancel,-99.0,APAC,False,49,Outbound,0.0
2025-07-09T10:41:08,A1379,Enterprise,upgrade,99.0,APAC,False,22,Outbound,99.0
2025-05-16T08:39:28,A1380,Basic,signup,29.0,EU,True,22,Organic,29.0
2025-05-20T07:59:01,A1380,Pro,cancel,-29.0,EU,False,21,Organic,0.0
2025-06-16T08:51:13,A1380,Pro,cancel,-0.0,EU,False,59,Organic,0.0
2025-07-12T22:00:08,A1380,Enterprise,upgrade,200.0,EU,False,28,Organic,200.0
2025-04-15T06:19:41,A1381,Basic,signup,29.0,EU,True,1,Referral,29.0
2025-04-27T20:47:59,A1381,Enterprise,upgrade,20.0,EU,False,74,Referral,49.0
2025-04-29T23:53:31,A1381,Pro,renew,0.0,EU,False,19,Referral,49.0
2025-07-06T07:08:19,A1381,Pro,upgrade,200.0,EU,False,66,Referral,249.0
2025-07-18T00:27:51,A1381,Enterprise,cancel,-249.0,EU,False,41,Referral,0.0
2025-05-01T23:17:13,A1382,Pro,signup,99.0,EU,True,10,Organic,99.0
2025-05-21T03:33:31,A1382,Basic,upgrade,99.0,EU,False,31,Organic,198.0
2025-06-15T12:51:23,A1382,Basic,renew,0.0,EU,False,97,Organic,198.0
2025-07-04T02:06:42,A1382,Enterprise,renew,0.0,EU,False,49,Organic,198.0
2025-07-25T16:00:57,A1382,Basic,renew,0.0,EU,False,41,Organic,198.0
2025-05-21T16:13:24,A1383,Basic,signup,29.0,EU,False,12,Organic,29.0
2025-05-25T10:14:14,A1383,Enterprise,upgrade,200.0,EU,False,9,Organic,229.0
2025-06-14T20:50:49,A1383,Pro,renew,0.0,EU,False,3,Organic,229.0
2025-06-17T05:52:13,A1383,Pro,upgrade,20.0,EU,False,45,Organic,249.0
2025-05-10T11:19:45,A1384,Pro,signup,99.0,NA,False,17,Outbound,99.0
2025-06-06T05:35:40,A1384,Pro,cancel,-99.0,NA,False,94,Outbound,0.0
2025-06-09T20:06:59,A1384,Enterprise,upgrade,20.0,NA,False,21,Outbound,20.0
2025-07-25T11:26:32,A1385,Pro,signup,99.0,NA,True,9,Referral,99.0
2025-07-27T13:31:07,A1385,Pro,cancel,-99.0,NA,False,4,Referral,0.0
2025-04-28T08:34:54,A1386,Basic,signup,29.0,EU,False,7,Referral,29.0
2025-06-01T00:05:15,A1387,Basic,signup,29.0,APAC,False,6,Paid,29.0
2025-07-26T19:39:47,A1387,Basic,renew,0.0,APAC,False,10,Paid,29.0
2025-04-03T22:57:20,A1388,Basic,signup,29.0,LATAM,False,14,Paid,29.0
2025-06-08T05:14:26,A1388,Basic,renew,0.0,LATAM,False,1,Paid,29.0
2025-05-22T14:05:05,A1389,Basic,signup,29.0,NA,True,12,Organic,29.0
2025-05-31T05:13:05,A1389,Basic,cancel,-29.0,NA,False,45,Organic,0.0
2025-06-28T19:28:52,A1389,Pro,upgrade,50.0,NA,False,67,Organic,50.0
2025-07-06T12:58:20,A1389,Pro,cancel,-50.0,NA,False,82,Organic,0.0
2025-04-27T02:50:15,A1390,Basic,signup,29.0,EU,False,7,Outbound,29.0
2025-05-16T18:11:46,A1390,Basic,renew,0.0,EU,False,74,Outbound,29.0
2025-06-12T06:58:12,A1390,Enterprise,cancel,-29.0,EU,False,83,Outbound,0.0
2025-05-22T11:20:55,A1391,pro,signup,99.0,EU,False,19,Referral,99.0
2025-06-09T15:38:08,A1391,Basic,renew,0.0,EU,False,73,Referral,99.0
2025-06-15T18:16:21,A1391,Enterprise,upgrade,99.0,,False,22,Referral,198.0
2025-06-22T13:39:55,A1391,Enterprise,renew,0.0,EU,False,71,Referral,198.0
2025-07-28T04:35:05,A1391,Pro,upgrade,200.0,EU,False,36,Referral,398.0
2025-04-27T14:01:36,A1392,Pro,signup,99.0,NA,False,16,Paid,99.0
2025-06-15T01:38:19,A1393,Enterprise,signup,499.0,NA,True,22,Outbound,499.0
2025-06-17T14:02:17,A1393,Pro,upgrade,50.0,NA,False,40,Outbound,549.0
2025-07-09T19:30:18,A1393,Basic,renew,0.0,NA,False,71,Outbound,549.0
2025-07-11T01:07:57,A1393,Basic,upgrade,50.0,NA,False,84,Outbound,599.0
2025-05-03T10:56:02,A1394,pro,signup,99.0,APAC,False,15,Referral,99.0
2025-06-26T14:43:05,A1394,Pro,renew,0.0,APAC,False,57,Referral,99.0
2025-07-10T20:03:21,A1394,Enterprise,upgrade,99.0,APAC,False,29,Referral,198.0
2025-06-04T06:21:10,A1395,Basic,signup,29.0,LATAM,False,21,Outbound,29.0
2025-06-08T07:25:47,A1395,Pro,renew,0.0,LATAM,False,8,Outbound,29.0
2025-04-28T22:25:40,A1396,basic,signup,29.0,LATAM,False,16,Organic,29.0
2025-04-30T15:25:12,A1396,Enterprise,cancel,-29.0,LATAM,False,74,Organic,0.0
2025-06-16T17:31:39,A1396,Enterprise,upgrade,200.0,LATAM,False,27,Organic,200.0
2025-07-11T20:19:19,A1396,Pro,cancel,-200.0,LATAM,False,37,Organic,0.0
2025-04-07T10:10:09,A1397,Basic,signup,29.0,LATAM,False,4,Paid,29.0
2025-04-16T01:41:51,A1397,Enterprise,upgrade,200.0,LATAM,False,13,Paid,229.0
2025-04-19T18:44:42,A1397,Enterprise,renew,0.0,LATAM,False,31,Paid,229.0
2025-07-20T23:26:00,A1397,Basic,upgrade,200.0,LATAM,False,80,Paid,429.0
2025-05-03T16:02:47,A1398,Pro,signup,99.0,APAC,False,9,Organic,99.0
2025-06-01T12:23:00,A1398,Basic,renew,0.0,APAC,False,74,Organic,99.0
2025-06-26T03:10:45,A1398,Pro,upgrade,50.0,APAC,False,56,Organic,149.0
2025-07-23T07:07:27,A1398,Basic,downgrade,-10.0,APAC,False,62,Organic,139.0
2025-04-10T14:40:30,A1399,Basic,signup,29.0,EU,False,11,Organic,29.0
2025-07-06T15:12:34,A1399,Basic,upgrade,99.0,EU,False,76,Organic,128.0
